{"epoch": 2010, "val_acc_adj": 24.15031560262044, "val_loss_adj": 0.02385332869986693, "_timestamp": 1737289266.055368, "_runtime": 492.97647500038147, "_step": 15, "val_acc_non_adj": 17.44606678264657, "val_loss_non_adj": 0.07205082439654266, "_wandb": {"runtime": 495}}