{"epoch": 3000, "val_acc_adj": 23.522890090942383, "val_loss_adj": 0.01983778147647778, "_timestamp": 1738477410.6450346, "_runtime": 640.9689166545868, "_step": 7, "val_acc_non_adj": 14.136913997610819, "val_loss_non_adj": 0.16162706945168295, "_wandb": {"runtime": 648}}