{"epoch": 3000, "val_acc_adj": 24.273914019266762, "val_loss_adj": 0.023330503764251866, "_timestamp": 1737341009.0488427, "_runtime": 1062.4608657360077, "_step": 17, "val_acc_non_adj": 17.682442650352556, "val_loss_non_adj": 0.07541641219490275, "_wandb": {"runtime": 1074}}