{"epoch": 2010, "val_acc_adj": 19.418023427327473, "val_loss_adj": 0.06652475086351235, "_timestamp": 1736328305.8959608, "_runtime": 1457.5162768363953, "_step": 15, "val_acc_non_adj": 9.018526182961217, "val_loss_non_adj": 0.35826799553847805}