{"epoch": 2010, "val_acc_adj": 22.576992670694985, "val_loss_adj": 0.03167588387926419, "_timestamp": 1737336368.459845, "_runtime": 679.9119951725006, "_step": 15, "val_acc_non_adj": 16.580337947176904, "val_loss_non_adj": 0.0800808841343393, "_wandb": {"runtime": 681}}