{"epoch": 3000, "val_acc_adj": 23.31457455952962, "val_loss_adj": 0.020527459991474945, "_timestamp": 1738478995.175408, "_runtime": 815.0336248874664, "_step": 7, "val_acc_non_adj": 12.939143485629682, "val_loss_non_adj": 0.17495268576576845, "_wandb": {"runtime": 824}}