{"epoch": 2010, "val_acc_adj": 22.57781664530436, "val_loss_adj": 0.03169597374896208, "_timestamp": 1737325496.6342852, "_runtime": 644.3150012493134, "_step": 15, "val_acc_non_adj": 16.63342490638654, "val_loss_non_adj": 0.07957132433339492, "_wandb": {"runtime": 645}}