{"epoch": 3000, "val_acc_adj": 22.626553535461426, "val_loss_adj": 0.023615163130064804, "_timestamp": 1738506234.1317153, "_runtime": 577.61164021492, "_step": 7, "val_acc_non_adj": 15.420476716818268, "val_loss_non_adj": 0.08789337687578398, "_wandb": {"runtime": 583}}