{"epoch": 3000, "val_acc_adj": 24.17665640513102, "val_loss_adj": 0.02355975999186436, "_timestamp": 1737345147.0494714, "_runtime": 904.7645263671875, "_step": 17, "val_acc_non_adj": 17.3604071214027, "val_loss_non_adj": 0.07326287363377429, "_wandb": {"runtime": 915}}