{"epoch": 2010, "val_acc_adj": 24.187546094258625, "val_loss_adj": 0.023859801702201366, "_timestamp": 1737273203.0220063, "_runtime": 500.6715362071991, "_step": 15, "val_acc_non_adj": 17.561298021336192, "val_loss_non_adj": 0.07131072983491359, "_wandb": {"runtime": 503}}