{"epoch": 3000, "val_acc_adj": 22.71403408050537, "val_loss_adj": 0.023300834000110626, "_timestamp": 1738511438.7294154, "_runtime": 606.8236844539642, "_step": 7, "val_acc_non_adj": 15.728290312068978, "val_loss_non_adj": 0.07892333236090916, "_wandb": {"runtime": 613}}