{"epoch": 2010, "val_acc_adj": 24.191573778788246, "val_loss_adj": 0.023628283912936844, "_timestamp": 1737273717.4211128, "_runtime": 501.98065876960754, "_step": 15, "val_acc_non_adj": 17.42005281841632, "val_loss_non_adj": 0.0723939796660057, "_wandb": {"runtime": 505}}