{"epoch": 2010, "val_acc_adj": 24.15908114115397, "val_loss_adj": 0.023931710980832577, "_timestamp": 1737279149.4573598, "_runtime": 659.563102722168, "_step": 15, "val_acc_non_adj": 17.275493061419613, "val_loss_non_adj": 0.07369224409351952, "_wandb": {"runtime": 662}}