{"epoch": 2010, "val_acc_adj": 22.54422124226888, "val_loss_adj": 0.03188938150803248, "_timestamp": 1737344306.5489583, "_runtime": 416.0585482120514, "_step": 15, "val_acc_non_adj": 16.480534789488487, "val_loss_non_adj": 0.07630344374662207, "_wandb": {"runtime": 416}}