{"epoch": 3000, "val_acc": 14.523051102956135, "val_loss": 0.12441480159759521, "_timestamp": 1733914518.6652143, "_runtime": 565.6206102371216, "_step": 8, "_wandb": {"runtime": 573}}