{"epoch": 2010, "val_acc_adj": 24.161545435587563, "val_loss_adj": 0.023994619647661843, "_timestamp": 1737271176.512313, "_runtime": 499.26557087898254, "_step": 15, "val_acc_non_adj": 17.412731283718777, "val_loss_non_adj": 0.07201668229338128, "_wandb": {"runtime": 502}}