{"epoch": 2010, "val_acc_adj": 24.175106048583984, "val_loss_adj": 0.023826042500634987, "_timestamp": 1737292830.1514778, "_runtime": 492.44699573516846, "_step": 15, "val_acc_non_adj": 17.512383352849902, "val_loss_non_adj": 0.07234074836884884, "_wandb": {"runtime": 495}}