{"epoch": 3000, "val_acc_adj": 23.268648465474445, "val_loss_adj": 0.020340177851418652, "_timestamp": 1738455882.705403, "_runtime": 720.125773191452, "_step": 7, "val_acc_non_adj": 13.966244530432002, "val_loss_non_adj": 0.10071524611875876, "_wandb": {"runtime": 728}}