{"epoch": 3000, "val_acc_adj": 22.748479525248207, "val_loss_adj": 0.023508005465070404, "_timestamp": 1738489314.2976685, "_runtime": 565.234979391098, "_step": 7, "val_acc_non_adj": 15.507154361488892, "val_loss_non_adj": 0.08487142995960012, "_wandb": {"runtime": 572}}