{"epoch": 2010, "val_acc_adj": 24.17566363016764, "val_loss_adj": 0.023811138855914273, "_timestamp": 1737302451.7461739, "_runtime": 488.3561837673187, "_step": 15, "val_acc_non_adj": 17.55368211097324, "val_loss_non_adj": 0.07130477571687133, "_wandb": {"runtime": 491}}