{"epoch": 2010, "val_acc_adj": 22.551988919576008, "val_loss_adj": 0.031901647026340164, "_timestamp": 1737282335.9198961, "_runtime": 498.11204409599304, "_step": 15, "val_acc_non_adj": 16.385253011565847, "val_loss_non_adj": 0.08209679064523313, "_wandb": {"runtime": 499}}