{"epoch": 2010, "val_acc_adj": 22.533811569213867, "val_loss_adj": 0.0317216869443655, "_timestamp": 1737279922.8918958, "_runtime": 283.9896047115326, "_step": 15, "val_acc_non_adj": 16.472252614719352, "val_loss_non_adj": 0.0811120227900977, "_wandb": {"runtime": 284}}