{"epoch": 2010, "val_acc_adj": 24.170121828715004, "val_loss_adj": 0.023821000630656876, "_timestamp": 1737310085.5557728, "_runtime": 491.316597700119, "_step": 15, "val_acc_non_adj": 17.369382715716803, "val_loss_non_adj": 0.07399513776001242, "_wandb": {"runtime": 494}}