{"epoch": 2010, "val_acc_adj": 22.564377784729004, "val_loss_adj": 0.03166079707443714, "_timestamp": 1737328087.3882458, "_runtime": 404.5617048740387, "_step": 15, "val_acc_non_adj": 16.534337633663846, "val_loss_non_adj": 0.08146020180555348, "_wandb": {"runtime": 405}}