{"epoch": 3000, "val_acc_adj": 24.262073516845703, "val_loss_adj": 0.023361767642199993, "_timestamp": 1737339920.649113, "_runtime": 1024.8803868293762, "_step": 17, "val_acc_non_adj": 17.562504094900543, "val_loss_non_adj": 0.07209854512523436, "_wandb": {"runtime": 1038}}