{"epoch": 2010, "val_acc_adj": 22.538206736246742, "val_loss_adj": 0.031792226557930306, "_timestamp": 1737341756.1363845, "_runtime": 646.8826675415039, "_step": 15, "val_acc_non_adj": 16.56705954640182, "val_loss_non_adj": 0.08009897068757371, "_wandb": {"runtime": 647}}