{"epoch": 2010, "val_acc_adj": 24.1904665629069, "val_loss_adj": 0.023757744270066418, "_timestamp": 1737320233.3265927, "_runtime": 492.1076955795288, "_step": 15, "val_acc_non_adj": 17.592168729329845, "val_loss_non_adj": 0.07023346566201485, "_wandb": {"runtime": 494}}