{"epoch": 3000, "val_acc_adj": 24.198848724365234, "val_loss_adj": 0.023454143355290093, "_timestamp": 1737354958.3249485, "_runtime": 723.2930855751038, "_step": 17, "val_acc_non_adj": 17.447115991533416, "val_loss_non_adj": 0.07412548890318145, "_wandb": {"runtime": 732}}