{"epoch": 2010, "val_acc_adj": 22.560245196024574, "val_loss_adj": 0.03173521223167578, "_timestamp": 1737328742.5550058, "_runtime": 643.8090147972107, "_step": 15, "val_acc_non_adj": 16.62705678054967, "val_loss_non_adj": 0.08016515133383963, "_wandb": {"runtime": 645}}