{"epoch": 3000, "val_acc_adj": 24.200461387634277, "val_loss_adj": 0.023591755889356136, "_timestamp": 1737349698.0985441, "_runtime": 721.900463104248, "_step": 17, "val_acc_non_adj": 17.457668097977784, "val_loss_non_adj": 0.07358308996736389, "_wandb": {"runtime": 731}}