{"epoch": 3000, "val_acc_adj": 23.239391326904297, "val_loss_adj": 0.020538566013177235, "_timestamp": 1738471517.0910468, "_runtime": 806.3042829036713, "_step": 7, "val_acc_non_adj": 12.933743398214125, "val_loss_non_adj": 0.18163748779670172, "_wandb": {"runtime": 815}}