{"epoch": 2010, "val_acc_adj": 22.573173840840656, "val_loss_adj": 0.03168958301345507, "_timestamp": 1737337905.7714345, "_runtime": 425.4797685146332, "_step": 15, "val_acc_non_adj": 16.576433245668706, "val_loss_non_adj": 0.08045132579185914, "_wandb": {"runtime": 426}}