{"epoch": 2010, "val_acc_adj": 24.20606199900309, "val_loss_adj": 0.023783047683537006, "_timestamp": 1737297882.5473006, "_runtime": 493.514262676239, "_step": 15, "val_acc_non_adj": 17.397781190183974, "val_loss_non_adj": 0.07375094894627013, "_wandb": {"runtime": 496}}