{"epoch": 2010, "val_acc_adj": 22.573223114013672, "val_loss_adj": 0.03169820706049601, "_timestamp": 1737286367.990899, "_runtime": 495.1947422027588, "_step": 15, "val_acc_non_adj": 16.551033093757237, "val_loss_non_adj": 0.08068799077696406, "_wandb": {"runtime": 496}}