{"epoch": 3000, "val_acc_adj": 22.754949887593586, "val_loss_adj": 0.02352258035292228, "_timestamp": 1738502548.3777988, "_runtime": 883.6477608680725, "_step": 7, "val_acc_non_adj": 15.541520162956001, "val_loss_non_adj": 0.08910966736562166, "_wandb": {"runtime": 891}}