{"epoch": 2010, "val_acc_adj": 22.55621910095215, "val_loss_adj": 0.03173759331305821, "_timestamp": 1737274433.2785227, "_runtime": 374.10429763793945, "_step": 15, "val_acc_non_adj": 16.65459923891677, "val_loss_non_adj": 0.07940588826217602, "_wandb": {"runtime": 374}}