{"epoch": 2010, "val_acc_adj": 24.148395220438637, "val_loss_adj": 0.023894785592953362, "_timestamp": 1737292325.2498353, "_runtime": 495.11018419265747, "_step": 15, "val_acc_non_adj": 17.50020670153431, "val_loss_non_adj": 0.0713690555721675, "_wandb": {"runtime": 498}}