{"epoch": 2010, "val_acc_adj": 24.097288131713867, "val_loss_adj": 0.024115774780511856, "_timestamp": 1737279823.3566124, "_runtime": 658.0862793922424, "_step": 15, "val_acc_non_adj": 17.19777896232212, "val_loss_non_adj": 0.0751828828000838, "_wandb": {"runtime": 661}}