{"epoch": 2010, "val_acc_adj": 24.14230410257975, "val_loss_adj": 0.02379638236016035, "_timestamp": 1737275071.276125, "_runtime": 668.0707058906555, "_step": 15, "val_acc_non_adj": 17.508134601042443, "val_loss_non_adj": 0.0713776545599103, "_wandb": {"runtime": 671}}