{"epoch": 3000, "val_acc_adj": 24.26158332824707, "val_loss_adj": 0.0234629949554801, "_timestamp": 1737331276.0589008, "_runtime": 1025.7541029453278, "_step": 17, "val_acc_non_adj": 17.463071538000992, "val_loss_non_adj": 0.07357236665203092, "_wandb": {"runtime": 1037}}