{"epoch": 2010, "val_acc_adj": 24.09483242034912, "val_loss_adj": 0.024124184312919773, "_timestamp": 1737313631.811445, "_runtime": 499.34065294265747, "_step": 15, "val_acc_non_adj": 17.542517917672384, "val_loss_non_adj": 0.07051035952898338, "_wandb": {"runtime": 502}}