{"epoch": 3000, "val_acc_adj": 22.729618072509766, "val_loss_adj": 0.023530274629592896, "_timestamp": 1738484279.3598194, "_runtime": 504.7588243484497, "_step": 7, "val_acc_non_adj": 15.633846577909804, "val_loss_non_adj": 0.08236613655558873, "_wandb": {"runtime": 508}}