{"epoch": 3000, "val_acc_adj": 24.3018315633138, "val_loss_adj": 0.023237116324404873, "_timestamp": 1737351248.62342, "_runtime": 786.0159459114075, "_step": 17, "val_acc_non_adj": 16.708802046235075, "val_loss_non_adj": 0.07273259552522111, "_wandb": {"runtime": 795}}