{"epoch": 500, "val_acc": 17.547290802001953, "val_loss": 0.0667430522541205, "_timestamp": 1733816445.374797, "_runtime": 221.61375999450684, "_step": 2}