{"epoch": 3000, "val_acc_adj": 24.203569412231445, "val_loss_adj": 0.023493216683467228, "_timestamp": 1737327995.863064, "_runtime": 1047.5889990329742, "_step": 17, "val_acc_non_adj": 17.487905571141194, "val_loss_non_adj": 0.07235470666674916, "_wandb": {"runtime": 1057}}