{"epoch": 3000, "val_acc_adj": 22.753298441569008, "val_loss_adj": 0.023512749622265496, "_timestamp": 1738483758.8282683, "_runtime": 263.693487405777, "_step": 7, "val_acc_non_adj": 14.512371643302366, "val_loss_non_adj": 0.14177856103699538, "_wandb": {"runtime": 267}}