{"epoch": 2010, "val_acc_adj": 23.890460650126137, "val_loss_adj": 0.02577984301994244, "_timestamp": 1736330277.1730196, "_runtime": 636.8380825519562, "_step": 15, "val_acc_non_adj": 10.784958940191368, "val_loss_non_adj": 0.2817569072694354, "_wandb": {"runtime": 639}}