{"epoch": 3000, "val_acc": 14.26724624633789, "val_loss": 0.1346905380487442, "_timestamp": 1733928495.8044124, "_runtime": 561.7763874530792, "_step": 8, "_wandb": {"runtime": 569}}