{"epoch": 2010, "val_acc_adj": 22.55588944753011, "val_loss_adj": 0.03179009072482586, "_timestamp": 1737275430.7302406, "_runtime": 422.4453945159912, "_step": 15, "val_acc_non_adj": 16.59203543122282, "val_loss_non_adj": 0.08031562633197946, "_wandb": {"runtime": 423}}