{"epoch": 2010, "val_acc_adj": 22.582218170166016, "val_loss_adj": 0.031641557191809014, "_timestamp": 1737334599.113914, "_runtime": 458.52779603004456, "_step": 15, "val_acc_non_adj": 16.749220513805902, "val_loss_non_adj": 0.07897199905410256, "_wandb": {"runtime": 459}}