{"epoch": 2010, "val_acc_adj": 24.136181831359863, "val_loss_adj": 0.023886602682371933, "_timestamp": 1737302956.9006202, "_runtime": 490.90104627609253, "_step": 15, "val_acc_non_adj": 17.300462993149903, "val_loss_non_adj": 0.07392125421194072, "_wandb": {"runtime": 493}}