{"epoch": 2010, "val_acc_adj": 24.142751693725586, "val_loss_adj": 0.023836991128822167, "_timestamp": 1737272185.3649414, "_runtime": 493.19827246665955, "_step": 15, "val_acc_non_adj": 17.549990712981863, "val_loss_non_adj": 0.0720340418293304, "_wandb": {"runtime": 496}}