{"epoch": 3000, "val_acc_adj": 22.737149238586426, "val_loss_adj": 0.023382818015913166, "_timestamp": 1738484857.9645915, "_runtime": 565.290361404419, "_step": 7, "val_acc_non_adj": 14.712115105894423, "val_loss_non_adj": 0.13518256705599963, "_wandb": {"runtime": 572}}