{"epoch": 2010, "val_acc_adj": 24.19462458292643, "val_loss_adj": 0.023592830635607243, "_timestamp": 1737306492.998507, "_runtime": 488.0989890098572, "_step": 15, "val_acc_non_adj": 17.373006501148655, "val_loss_non_adj": 0.07308790547600419, "_wandb": {"runtime": 490}}