{"epoch": 3000, "val_acc_adj": 23.459044456481934, "val_loss_adj": 0.020225050238271553, "_timestamp": 1738454108.9634798, "_runtime": 751.5114517211914, "_step": 7, "val_acc_non_adj": 12.710425553862581, "val_loss_non_adj": 0.1878886118569632, "_wandb": {"runtime": 759}}