{"epoch": 3000, "val_acc": 15.753777821858723, "val_loss": 0.10793646425008774, "_timestamp": 1733915102.9222672, "_runtime": 566.308491230011, "_step": 8, "_wandb": {"runtime": 574}}