{"epoch": 3000, "val_acc_adj": 22.64923095703125, "val_loss_adj": 0.02363504252086083, "_timestamp": 1738486999.1635008, "_runtime": 593.3612337112427, "_step": 7, "val_acc_non_adj": 15.519621362391206, "val_loss_non_adj": 0.08263783587008407, "_wandb": {"runtime": 599}}