{"epoch": 3000, "val_acc": 12.05180803934733, "val_loss": 0.18402691930532455, "_timestamp": 1733916849.607645, "_runtime": 562.187616109848, "_step": 8, "_wandb": {"runtime": 569}}