{"epoch": 3000, "val_acc": 23.936195055643715, "val_loss": 0.024319986812770367, "_timestamp": 1736321475.7096195, "_runtime": 1363.753963470459, "_step": 8, "_wandb": {"runtime": 1371}}