{"epoch": 2010, "val_acc_adj": 22.57534058888753, "val_loss_adj": 0.031678514555096626, "_timestamp": 1737283679.720413, "_runtime": 497.1524908542633, "_step": 15, "val_acc_non_adj": 16.489099999064024, "val_loss_non_adj": 0.08075059316668314, "_wandb": {"runtime": 498}}