{"epoch": 2010, "val_acc_adj": 24.18200842539469, "val_loss_adj": 0.023829764686524868, "_timestamp": 1737270151.206524, "_runtime": 495.42112278938293, "_step": 15, "val_acc_non_adj": 17.30316539646424, "val_loss_non_adj": 0.07444927683004092, "_wandb": {"runtime": 498}}