{"epoch": 2010, "val_acc_adj": 22.59077421824137, "val_loss_adj": 0.03172633796930313, "_timestamp": 1737344934.1532333, "_runtime": 617.162602186203, "_step": 15, "val_acc_non_adj": 16.653466057531613, "val_loss_non_adj": 0.07970327202269097, "_wandb": {"runtime": 618}}