{"epoch": 3000, "val_acc_adj": 24.222570101420082, "val_loss_adj": 0.023397658951580524, "_timestamp": 1737346711.3858435, "_runtime": 785.0016994476318, "_step": 17, "val_acc_non_adj": 17.09582231462616, "val_loss_non_adj": 0.06734779205403685, "_wandb": {"runtime": 794}}