{"epoch": 2010, "val_acc_adj": 23.226728121439614, "val_loss_adj": 0.03148010031630595, "_timestamp": 1736330943.4271922, "_runtime": 646.7435481548309, "_step": 15, "val_acc_non_adj": 8.844294299784394, "val_loss_non_adj": 0.3668212687462261, "_wandb": {"runtime": 650}}