{"epoch": 3000, "val_acc_adj": 24.20334815979004, "val_loss_adj": 0.02346140891313553, "_timestamp": 1737343167.9889543, "_runtime": 1044.755624294281, "_step": 17, "val_acc_non_adj": 17.661249377063868, "val_loss_non_adj": 0.07194285539276514, "_wandb": {"runtime": 1056}}