{"epoch": 2010, "val_acc_adj": 24.150898615519203, "val_loss_adj": 0.023950150857369103, "_timestamp": 1737295361.861732, "_runtime": 495.84599804878235, "_step": 15, "val_acc_non_adj": 17.296175283255035, "val_loss_non_adj": 0.07371178313552104, "_wandb": {"runtime": 498}}