{"epoch": 2010, "val_acc_adj": 24.14252281188965, "val_loss_adj": 0.024040302261710167, "_timestamp": 1737285205.9604743, "_runtime": 651.7856123447418, "_step": 15, "val_acc_non_adj": 17.29097438104374, "val_loss_non_adj": 0.07353547303793356, "_wandb": {"runtime": 655}}