{"epoch": 3000, "val_acc_adj": 23.2847318649292, "val_loss_adj": 0.020399100457628567, "_timestamp": 1738470030.703339, "_runtime": 725.8488290309906, "_step": 7, "val_acc_non_adj": 14.226505510585824, "val_loss_non_adj": 0.1270885771313279, "_wandb": {"runtime": 733}}