{"epoch": 2010, "val_acc_adj": 22.540649731953938, "val_loss_adj": 0.031816088904937104, "_timestamp": 1737280990.7548087, "_runtime": 493.8462436199188, "_step": 15, "val_acc_non_adj": 16.489875591907303, "val_loss_non_adj": 0.08101925881790746, "_wandb": {"runtime": 494}}