{"epoch": 2010, "val_acc_adj": 24.21916643778483, "val_loss_adj": 0.023726566384236016, "_timestamp": 1737287211.8480234, "_runtime": 652.3358232975006, "_step": 15, "val_acc_non_adj": 17.367944751818154, "val_loss_non_adj": 0.07332718424191795, "_wandb": {"runtime": 655}}