{"epoch": 3000, "val_acc_adj": 23.202861150105793, "val_loss_adj": 0.02064500004053116, "_timestamp": 1738460361.8724864, "_runtime": 729.7572383880615, "_step": 7, "val_acc_non_adj": 11.70182147960073, "val_loss_non_adj": 0.22159631416854478, "_wandb": {"runtime": 737}}