{"epoch": 2010, "val_acc_adj": 22.562760670979817, "val_loss_adj": 0.03181527306636174, "_timestamp": 1737330921.2922373, "_runtime": 600.7237312793732, "_step": 15, "val_acc_non_adj": 16.544187580187295, "val_loss_non_adj": 0.08038677718759198, "_wandb": {"runtime": 602}}