{"epoch": 2010, "val_acc_adj": 24.1555757522583, "val_loss_adj": 0.02385543566197157, "_timestamp": 1737289779.6055431, "_runtime": 498.8252100944519, "_step": 15, "val_acc_non_adj": 17.814242800486458, "val_loss_non_adj": 0.06823320911486738, "_wandb": {"runtime": 501}}