{"epoch": 3000, "val_acc_adj": 22.65566317240397, "val_loss_adj": 0.02356525044888258, "_timestamp": 1738485795.8185236, "_runtime": 919.8015146255493, "_step": 7, "val_acc_non_adj": 13.693359252103825, "val_loss_non_adj": 0.1788745112621139, "_wandb": {"runtime": 925}}