{"epoch": 3000, "val_acc": 18.137603759765625, "val_loss": 0.08859906097253163, "_timestamp": 1733896721.910406, "_runtime": 619.6279301643372, "_step": 8, "_wandb": {"runtime": 628}}