{"epoch": 3000, "val_acc_adj": 23.229684511820473, "val_loss_adj": 0.020393840658167996, "_timestamp": 1738473660.027925, "_runtime": 721.7889931201935, "_step": 7, "val_acc_non_adj": 13.431531871717, "val_loss_non_adj": 0.13906094085271517, "_wandb": {"runtime": 729}}