{"epoch": 2010, "val_acc_adj": 24.174728393554688, "val_loss_adj": 0.02394156747808059, "_timestamp": 1737280500.3416781, "_runtime": 659.9762480258942, "_step": 15, "val_acc_non_adj": 17.533587613056614, "val_loss_non_adj": 0.07135627661668455, "_wandb": {"runtime": 663}}