{"epoch": 3000, "val_acc_adj": 22.617620786031086, "val_loss_adj": 0.02361067881186803, "_timestamp": 1738489838.7206557, "_runtime": 506.2515766620636, "_step": 7, "val_acc_non_adj": 15.529521917559437, "val_loss_non_adj": 0.0827973882293271, "_wandb": {"runtime": 516}}