{"epoch": 2010, "val_acc_adj": 24.137383778889973, "val_loss_adj": 0.02406526698420445, "_timestamp": 1737290293.0651836, "_runtime": 499.4504165649414, "_step": 15, "val_acc_non_adj": 17.110330262134983, "val_loss_non_adj": 0.07621858423556556, "_wandb": {"runtime": 502}}