{"epoch": 3000, "val_acc": 16.30671946207682, "val_loss": 0.10130534196893373, "_timestamp": 1733917429.0300348, "_runtime": 563.2021028995514, "_step": 8, "_wandb": {"runtime": 570}}