{"epoch": 2010, "val_acc_adj": 24.204500516255695, "val_loss_adj": 0.023775858183701832, "_timestamp": 1737283173.7648463, "_runtime": 648.8914394378662, "_step": 15, "val_acc_non_adj": 17.35058549507377, "val_loss_non_adj": 0.07398582858599953, "_wandb": {"runtime": 651}}