{"epoch": 2010, "val_acc_adj": 22.57116985321045, "val_loss_adj": 0.031700024381279945, "_timestamp": 1737283171.836933, "_runtime": 501.6612288951874, "_step": 15, "val_acc_non_adj": 16.586886287964496, "val_loss_non_adj": 0.07980741664152784, "_wandb": {"runtime": 502}}