{"epoch": 2010, "val_acc_adj": 24.11266199747721, "val_loss_adj": 0.024024918985863526, "_timestamp": 1737307523.579492, "_runtime": 508.5275311470032, "_step": 15, "val_acc_non_adj": 17.264599028321886, "val_loss_non_adj": 0.06713817642099157, "_wandb": {"runtime": 511}}