{"epoch": 3000, "val_acc_adj": 22.721934636433918, "val_loss_adj": 0.02345044631510973, "_timestamp": 1738509172.3827524, "_runtime": 608.0693964958191, "_step": 7, "val_acc_non_adj": 13.498553177745071, "val_loss_non_adj": 0.18686645544258895, "_wandb": {"runtime": 614}}