{"epoch": 10, "val_acc": 7.413857380549112, "val_loss": 0.40191611647605896, "_timestamp": 1733816601.2196813, "_runtime": 84.78863334655762, "_step": 0}