{"epoch": 3000, "val_acc_adj": 24.227176030476887, "val_loss_adj": 0.02352321892976761, "_timestamp": 1737354215.4074667, "_runtime": 726.3037767410278, "_step": 17, "val_acc_non_adj": 17.557220552385466, "val_loss_non_adj": 0.07203901141459487, "_wandb": {"runtime": 735}}