{"epoch": 2010, "val_acc_adj": 24.173680941263832, "val_loss_adj": 0.023727585251132645, "_timestamp": 1737269640.6251078, "_runtime": 492.55550265312195, "_step": 15, "val_acc_non_adj": 17.42893785299714, "val_loss_non_adj": 0.07225343557170678, "_wandb": {"runtime": 495}}