{"epoch": 2010, "val_acc_adj": 22.497315088907875, "val_loss_adj": 0.03204215069611867, "_timestamp": 1737329874.391269, "_runtime": 629.1766729354858, "_step": 15, "val_acc_non_adj": 16.46733424098221, "val_loss_non_adj": 0.08125780916475144, "_wandb": {"runtime": 630}}