{"epoch": 3000, "val_acc_adj": 22.609500567118324, "val_loss_adj": 0.023687328522404034, "_timestamp": 1738498551.3605928, "_runtime": 610.4717209339142, "_step": 7, "val_acc_non_adj": 15.473984678995977, "val_loss_non_adj": 0.08427154269914344, "_wandb": {"runtime": 619}}