{"epoch": 3000, "val_acc_adj": 23.213995933532715, "val_loss_adj": 0.020656506530940533, "_timestamp": 1738467644.2755911, "_runtime": 810.3954970836639, "_step": 7, "val_acc_non_adj": 13.835589025438447, "val_loss_non_adj": 0.10278057119780287, "_wandb": {"runtime": 818}}