{"epoch": 3000, "val_acc_adj": 22.797481536865234, "val_loss_adj": 0.023322504945099354, "_timestamp": 1738513978.0284927, "_runtime": 647.7506055831909, "_step": 7, "val_acc_non_adj": 15.284887707110533, "val_loss_non_adj": 0.09842643336652172, "_wandb": {"runtime": 656}}