{"epoch": 2010, "val_acc_adj": 24.199779510498047, "val_loss_adj": 0.02376216184347868, "_timestamp": 1737284537.4197435, "_runtime": 657.6976234912872, "_step": 15, "val_acc_non_adj": 17.545585047338427, "val_loss_non_adj": 0.0711231627453541, "_wandb": {"runtime": 660}}