{"epoch": 2010, "val_acc_adj": 24.156322479248047, "val_loss_adj": 0.023971974539260067, "_timestamp": 1737296871.8652778, "_runtime": 487.8663067817688, "_step": 15, "val_acc_non_adj": 17.237283062689084, "val_loss_non_adj": 0.07433879448427368, "_wandb": {"runtime": 490}}