{"epoch": 2010, "val_acc_adj": 22.615769068400063, "val_loss_adj": 0.031452285746733345, "_timestamp": 1737279129.4131956, "_runtime": 551.3751795291901, "_step": 15, "val_acc_non_adj": 16.459232984129915, "val_loss_non_adj": 0.08167496736439847, "_wandb": {"runtime": 552}}