{"epoch": 2010, "val_acc_adj": 24.192954699198403, "val_loss_adj": 0.023831824461619057, "_timestamp": 1737285871.9680731, "_runtime": 652.352292060852, "_step": 15, "val_acc_non_adj": 17.591927120366048, "val_loss_non_adj": 0.07232693781519366, "_wandb": {"runtime": 655}}