{"epoch": 2010, "val_acc_adj": 22.574810663859047, "val_loss_adj": 0.03170151449739933, "_timestamp": 1737325943.8432431, "_runtime": 432.0857300758362, "_step": 15, "val_acc_non_adj": 16.518044240695914, "val_loss_non_adj": 0.08046213153404058, "_wandb": {"runtime": 432}}