{"epoch": 2010, "val_acc_adj": 22.597170511881508, "val_loss_adj": 0.03156565160801013, "_timestamp": 1737323769.4402986, "_runtime": 556.1217255592346, "_step": 15, "val_acc_non_adj": 16.463534659946088, "val_loss_non_adj": 0.08143735400487467, "_wandb": {"runtime": 556}}