{"epoch": 3000, "val_acc_adj": 22.72822825113932, "val_loss_adj": 0.02349268024166425, "_timestamp": 1738507891.2021282, "_runtime": 1042.1607811450958, "_step": 7, "val_acc_non_adj": 13.108691672688908, "val_loss_non_adj": 0.2028460391633904, "_wandb": {"runtime": 1048}}