{"epoch": 3000, "val_acc": 14.87879991531372, "val_loss": 0.1285617190102736, "_timestamp": 1733916268.9086106, "_runtime": 565.1164445877075, "_step": 8, "_wandb": {"runtime": 572}}