{"epoch": 3000, "val_acc_adj": 23.33090273539225, "val_loss_adj": 0.02028936706483364, "_timestamp": 1738481228.7420857, "_runtime": 709.8184356689453, "_step": 7, "val_acc_non_adj": 13.375457562122149, "val_loss_non_adj": 0.15290444427813144, "_wandb": {"runtime": 717}}