{"epoch": 2010, "val_acc_adj": 22.627432823181152, "val_loss_adj": 0.03152792528271675, "_timestamp": 1737331357.2535489, "_runtime": 422.73416686058044, "_step": 15, "val_acc_non_adj": 16.64606791427455, "val_loss_non_adj": 0.07979694659792885, "_wandb": {"runtime": 423}}