{"epoch": 2010, "val_acc_adj": 24.13085683186849, "val_loss_adj": 0.023860725574195385, "_timestamp": 1737276434.3479204, "_runtime": 665.9384653568268, "_step": 15, "val_acc_non_adj": 17.35465129871958, "val_loss_non_adj": 0.07271005956398457, "_wandb": {"runtime": 669}}