{"epoch": 2010, "val_acc_adj": 24.1710147857666, "val_loss_adj": 0.023852058065434296, "_timestamp": 1737303969.9905758, "_runtime": 493.91249990463257, "_step": 15, "val_acc_non_adj": 17.39379277671735, "val_loss_non_adj": 0.0724546741406174, "_wandb": {"runtime": 496}}