{"epoch": 2010, "val_acc_adj": 24.16314697265625, "val_loss_adj": 0.023963866134484608, "_timestamp": 1737275755.1092598, "_runtime": 667.109983921051, "_step": 15, "val_acc_non_adj": 17.46716146862384, "val_loss_non_adj": 0.07230488968456221, "_wandb": {"runtime": 670}}