{"epoch": 2010, "val_acc_adj": 24.192308743794758, "val_loss_adj": 0.023773869810005028, "_timestamp": 1737288758.7869685, "_runtime": 494.0709533691406, "_step": 15, "val_acc_non_adj": 17.363230695429536, "val_loss_non_adj": 0.07332194354577162, "_wandb": {"runtime": 496}}