{"epoch": 3000, "val_acc": 15.789901733398438, "val_loss": 0.10746350884437561, "_timestamp": 1733930246.0143118, "_runtime": 566.1371188163757, "_step": 8, "_wandb": {"runtime": 573}}