{"epoch": 2010, "val_acc_adj": 24.15728505452474, "val_loss_adj": 0.023863745232423145, "_timestamp": 1737312104.7563515, "_runtime": 490.02682638168335, "_step": 15, "val_acc_non_adj": 17.45017179508799, "val_loss_non_adj": 0.07163601809363697, "_wandb": {"runtime": 492}}