{"epoch": 3000, "val_acc": 15.485434532165527, "val_loss": 0.11404279246926308, "_timestamp": 1733920336.058866, "_runtime": 562.691162109375, "_step": 8, "_wandb": {"runtime": 570}}