{"epoch": 3000, "val_acc_adj": 24.201141357421875, "val_loss_adj": 0.023523597046732903, "_timestamp": 1737325858.4108806, "_runtime": 1055.8434464931488, "_step": 17, "val_acc_non_adj": 17.593011625034293, "val_loss_non_adj": 0.07352186344832796, "_wandb": {"runtime": 1066}}