{"epoch": 2010, "val_acc_adj": 22.53838539123535, "val_loss_adj": 0.031805370002985, "_timestamp": 1737324841.5357604, "_runtime": 466.5200934410095, "_step": 15, "val_acc_non_adj": 16.621231890216315, "val_loss_non_adj": 0.07949478434609998, "_wandb": {"runtime": 467}}