{"epoch": 2010, "val_acc_adj": 22.505274136861164, "val_loss_adj": 0.03193430230021477, "_timestamp": 1737281826.860793, "_runtime": 516.8633880615234, "_step": 15, "val_acc_non_adj": 16.540825008117046, "val_loss_non_adj": 0.08025476751253777, "_wandb": {"runtime": 517}}