{"epoch": 2010, "val_acc_adj": 24.183032353719074, "val_loss_adj": 0.02378999659170707, "_timestamp": 1737314659.0487702, "_runtime": 501.1525971889496, "_step": 15, "val_acc_non_adj": 17.586267569630415, "val_loss_non_adj": 0.0703776549048645, "_wandb": {"runtime": 504}}