{"epoch": 2010, "val_acc_adj": 24.155617078145344, "val_loss_adj": 0.023820177341500916, "_timestamp": 1737309076.1782017, "_runtime": 486.8593637943268, "_step": 15, "val_acc_non_adj": 17.460534621759788, "val_loss_non_adj": 0.07236075355220087, "_wandb": {"runtime": 489}}