{"epoch": 2010, "val_acc_adj": 22.58224328358968, "val_loss_adj": 0.03168997913599014, "_timestamp": 1737280484.4205253, "_runtime": 550.786913394928, "_step": 15, "val_acc_non_adj": 16.62076430468215, "val_loss_non_adj": 0.08013329708699099, "_wandb": {"runtime": 551}}