{"epoch": 3000, "val_acc_adj": 23.01824347178141, "val_loss_adj": 0.02110971293101708, "_timestamp": 1738482041.0411344, "_runtime": 791.5267133712769, "_step": 7, "val_acc_non_adj": 12.989983691382653, "val_loss_non_adj": 0.14211970417923533, "_wandb": {"runtime": 799}}