{"epoch": 3000, "val_acc": 13.92893648147583, "val_loss": 0.1405144395927588, "_timestamp": 1733918596.00348, "_runtime": 563.2161419391632, "_step": 8, "_wandb": {"runtime": 571}}