{"epoch": 2010, "val_acc_adj": 24.164406776428223, "val_loss_adj": 0.02389776768783728, "_timestamp": 1737311604.3458786, "_runtime": 492.3631465435028, "_step": 15, "val_acc_non_adj": 17.29303179082182, "val_loss_non_adj": 0.07443327054419775, "_wandb": {"runtime": 495}}