{"epoch": 2010, "val_acc_adj": 24.19394874572754, "val_loss_adj": 0.02383252326399088, "_timestamp": 1737274389.687825, "_runtime": 656.2509849071503, "_step": 15, "val_acc_non_adj": 16.7391421966946, "val_loss_non_adj": 0.07315309914117006, "_wandb": {"runtime": 659}}