{"epoch": 2010, "val_acc_adj": 24.15249188741048, "val_loss_adj": 0.023889547524352867, "_timestamp": 1737305990.2480667, "_runtime": 492.94135665893555, "_step": 15, "val_acc_non_adj": 17.408915111699056, "val_loss_non_adj": 0.07258254171531532, "_wandb": {"runtime": 495}}