{"epoch": 2010, "val_acc_adj": 22.570563634236652, "val_loss_adj": 0.03179563768208027, "_timestamp": 1737277180.4052107, "_runtime": 309.00490069389343, "_step": 15, "val_acc_non_adj": 16.66115345414152, "val_loss_non_adj": 0.07928043525166732, "_wandb": {"runtime": 309}}