{"epoch": 2010, "val_acc_adj": 24.13994598388672, "val_loss_adj": 0.02390859896938006, "_timestamp": 1737317711.793411, "_runtime": 493.2852370738983, "_step": 15, "val_acc_non_adj": 17.371120162845887, "val_loss_non_adj": 0.07336633808949251, "_wandb": {"runtime": 496}}