{"epoch": 3000, "val_acc": 16.23774798711141, "val_loss": 0.10153670484821001, "_timestamp": 1733913933.9058256, "_runtime": 564.2949755191803, "_step": 8, "_wandb": {"runtime": 572}}