{"epoch": 3000, "val_acc_adj": 23.262133916219074, "val_loss_adj": 0.020351192293067772, "_timestamp": 1738482869.840607, "_runtime": 807.7266139984131, "_step": 7, "val_acc_non_adj": 13.982452004226213, "val_loss_non_adj": 0.1168644558158271, "_wandb": {"runtime": 815}}