{"epoch": 3000, "val_acc_adj": 22.775683720906574, "val_loss_adj": 0.023412230424582958, "_timestamp": 1738497923.2509391, "_runtime": 636.6644430160522, "_step": 7, "val_acc_non_adj": 13.777700016179036, "val_loss_non_adj": 0.17315212670790472, "_wandb": {"runtime": 643}}