{"epoch": 3000, "val_acc_adj": 23.301618258158364, "val_loss_adj": 0.0203717282662789, "_timestamp": 1738456663.0665054, "_runtime": 759.7794473171234, "_step": 7, "val_acc_non_adj": 13.26367872277486, "val_loss_non_adj": 0.155818670008754, "_wandb": {"runtime": 767}}