{"epoch": 3000, "val_acc": 14.956370989481607, "val_loss": 0.11990856875975926, "_timestamp": 1733926745.8872883, "_runtime": 566.3585484027863, "_step": 8, "_wandb": {"runtime": 574}}