{"epoch": 3000, "val_acc_adj": 22.62012163798014, "val_loss_adj": 0.023725130905707676, "_timestamp": 1738494989.507329, "_runtime": 624.3413090705872, "_step": 7, "val_acc_non_adj": 13.473248752122073, "val_loss_non_adj": 0.18337461694153315, "_wandb": {"runtime": 630}}