{"epoch": 3000, "val_acc_adj": 22.662148475646973, "val_loss_adj": 0.023620245046913624, "_timestamp": 1738486389.912125, "_runtime": 575.345742225647, "_step": 7, "val_acc_non_adj": 14.89086711529604, "val_loss_non_adj": 0.1140948669485671, "_wandb": {"runtime": 580}}