{"epoch": 3000, "val_acc_adj": 22.586017926534016, "val_loss_adj": 0.023857781353096165, "_timestamp": 1738488086.313145, "_runtime": 1071.5541729927063, "_step": 7, "val_acc_non_adj": 13.345007041065964, "val_loss_non_adj": 0.18843968901015126, "_wandb": {"runtime": 1083}}