{"epoch": 3000, "val_acc": 16.754481156667072, "val_loss": 0.09773175294200578, "_timestamp": 1733814798.3025866, "_runtime": 535.3732326030731, "_step": 8, "_wandb": {"runtime": 543}}