{"epoch": 2010, "val_acc_adj": 22.58879725138346, "val_loss_adj": 0.031598574171463646, "_timestamp": 1737341097.0685678, "_runtime": 435.06281065940857, "_step": 15, "val_acc_non_adj": 16.648204016931277, "val_loss_non_adj": 0.07973858648815106, "_wandb": {"runtime": 435}}