{"epoch": 2010, "val_acc_adj": 22.574191093444824, "val_loss_adj": 0.031743439535299935, "_timestamp": 1737274045.1885145, "_runtime": 402.35536336898804, "_step": 15, "val_acc_non_adj": 16.51182207127207, "val_loss_non_adj": 0.08092468151265812, "_wandb": {"runtime": 403}}