{"epoch": 1000, "val_acc_adj": 23.82937971750895, "val_loss_adj": 0.025589950072268643, "_timestamp": 1737321568.8624485, "_runtime": 309.69896054267883, "_step": 6, "val_acc_non_adj": 16.156279554072114, "val_loss_non_adj": 0.08074626270873644}