{"epoch": 2010, "val_acc_adj": 24.15539232889811, "val_loss_adj": 0.023827025666832924, "_timestamp": 1737307000.2513292, "_runtime": 492.8487882614136, "_step": 15, "val_acc_non_adj": 16.613704681396484, "val_loss_non_adj": 0.08337182317351557, "_wandb": {"runtime": 495}}