{"epoch": 3000, "val_acc_adj": 23.238178571065266, "val_loss_adj": 0.020263751037418842, "_timestamp": 1738470688.7554555, "_runtime": 638.1274313926697, "_step": 7, "val_acc_non_adj": 15.568730550942961, "val_loss_non_adj": 0.08023920978813134, "_wandb": {"runtime": 646}}