{"epoch": 3000, "val_acc_adj": 24.21413230895996, "val_loss_adj": 0.02352608057359854, "_timestamp": 1737336760.3462682, "_runtime": 1147.6961641311646, "_step": 17, "val_acc_non_adj": 16.53196277815042, "val_loss_non_adj": 0.0998891461736609, "_wandb": {"runtime": 1159}}