{"epoch": 3000, "val_acc_adj": 24.22961934407552, "val_loss_adj": 0.02343701726446549, "_timestamp": 1737324779.5983415, "_runtime": 1001.662796497345, "_step": 17, "val_acc_non_adj": 17.55427657943411, "val_loss_non_adj": 0.07435858439769327, "_wandb": {"runtime": 1013}}