{"epoch": 3000, "val_acc": 14.846207936604817, "val_loss": 0.12007645517587662, "_timestamp": 1733926161.6464164, "_runtime": 565.8016514778137, "_step": 8, "_wandb": {"runtime": 573}}