{"epoch": 3000, "val_acc_adj": 24.216270446777344, "val_loss_adj": 0.023411853859821953, "_timestamp": 1737338873.6733904, "_runtime": 1033.8454093933105, "_step": 17, "val_acc_non_adj": 17.499712791639503, "val_loss_non_adj": 0.07313352371998054, "_wandb": {"runtime": 1046}}