{"epoch": 2010, "val_acc_adj": 24.177961031595864, "val_loss_adj": 0.023828944191336632, "_timestamp": 1737304473.595394, "_runtime": 490.0792407989502, "_step": 15, "val_acc_non_adj": 17.49543051375556, "val_loss_non_adj": 0.07099675336257391, "_wandb": {"runtime": 493}}