{"epoch": 3000, "val_acc_adj": 22.687569936116535, "val_loss_adj": 0.02361357801904281, "_timestamp": 1738503827.502916, "_runtime": 621.0663831233978, "_step": 7, "val_acc_non_adj": 13.77051281191639, "val_loss_non_adj": 0.17821633524847091, "_wandb": {"runtime": 625}}