{"epoch": 2010, "val_acc_adj": 22.544956843058266, "val_loss_adj": 0.031798225517074265, "_timestamp": 1737342195.788957, "_runtime": 426.5937180519104, "_step": 15, "val_acc_non_adj": 16.50087964166071, "val_loss_non_adj": 0.08081863207992204, "_wandb": {"runtime": 427}}