{"epoch": 2010, "val_acc_adj": 22.621864000956215, "val_loss_adj": 0.031510887667536736, "_timestamp": 1737276860.8570335, "_runtime": 456.9952244758606, "_step": 15, "val_acc_non_adj": 16.609961996373443, "val_loss_non_adj": 0.07975824563235966, "_wandb": {"runtime": 458}}