{"epoch": 3000, "val_acc_adj": 22.66133371988932, "val_loss_adj": 0.02351580746471882, "_timestamp": 1738491511.471503, "_runtime": 626.519406080246, "_step": 7, "val_acc_non_adj": 15.686793076623346, "val_loss_non_adj": 0.08260199097321205, "_wandb": {"runtime": 634}}