{"epoch": 3000, "val_acc": 14.469595432281494, "val_loss": 0.12746872256199518, "_timestamp": 1733918014.0382895, "_runtime": 564.8213446140289, "_step": 8, "_wandb": {"runtime": 572}}