{"epoch": 2010, "val_acc_adj": 24.218369483947754, "val_loss_adj": 0.023665115237236023, "_timestamp": 1737318211.0635042, "_runtime": 485.0158922672272, "_step": 15, "val_acc_non_adj": 17.575790479011143, "val_loss_non_adj": 0.07062147941785989, "_wandb": {"runtime": 487}}