{"epoch": 2010, "val_acc_adj": 23.836345672607422, "val_loss_adj": 0.026008520275354385, "_timestamp": 1736332276.1357982, "_runtime": 643.1888720989227, "_step": 15, "val_acc_non_adj": 10.503785194809904, "val_loss_non_adj": 0.28779202461549913, "_wandb": {"runtime": 646}}