{"epoch": 2010, "val_acc_adj": 24.184545516967773, "val_loss_adj": 0.023766434130569298, "_timestamp": 1737281168.3710577, "_runtime": 652.0617816448212, "_step": 15, "val_acc_non_adj": 17.35081927800916, "val_loss_non_adj": 0.07380712231064272, "_wandb": {"runtime": 655}}