{"epoch": 2010, "val_acc_adj": 24.156067212422688, "val_loss_adj": 0.023889804258942604, "_timestamp": 1737298900.1725025, "_runtime": 490.64934945106506, "_step": 15, "val_acc_non_adj": 17.28750195945661, "val_loss_non_adj": 0.07412707357254532, "_wandb": {"runtime": 493}}