{"epoch": 3000, "val_acc_adj": 23.257810592651367, "val_loss_adj": 0.020322034135460854, "_timestamp": 1738472921.11349, "_runtime": 642.5445201396942, "_step": 7, "val_acc_non_adj": 15.522533249609248, "val_loss_non_adj": 0.08076617367488821, "_wandb": {"runtime": 650}}