{"epoch": 3000, "val_acc_adj": 23.058267275492348, "val_loss_adj": 0.02068402307728926, "_timestamp": 1738459612.3588798, "_runtime": 712.8103868961334, "_step": 7, "val_acc_non_adj": 14.20389682238864, "val_loss_non_adj": 0.1081135761780069, "_wandb": {"runtime": 720}}