{"epoch": 2010, "val_acc_adj": 22.572882334391274, "val_loss_adj": 0.031662068640192345, "_timestamp": 1737277776.712924, "_runtime": 585.0551669597626, "_step": 15, "val_acc_non_adj": 16.693786975034733, "val_loss_non_adj": 0.07855510613737032, "_wandb": {"runtime": 585}}