{"epoch": 2010, "val_acc_adj": 24.20718510945638, "val_loss_adj": 0.023656516025463738, "_timestamp": 1737301946.6700559, "_runtime": 490.8511748313904, "_step": 15, "val_acc_non_adj": 17.32718747424096, "val_loss_non_adj": 0.07352319879207722, "_wandb": {"runtime": 493}}