{"epoch": 2010, "val_acc_adj": 24.180840492248535, "val_loss_adj": 0.02378680712232987, "_timestamp": 1737309578.1982772, "_runtime": 486.4581673145294, "_step": 15, "val_acc_non_adj": 17.34353337828646, "val_loss_non_adj": 0.07392935979074423, "_wandb": {"runtime": 489}}