{"epoch": 2010, "val_acc_adj": 22.560794194539387, "val_loss_adj": 0.03177998152871926, "_timestamp": 1737285333.1241307, "_runtime": 297.85394978523254, "_step": 15, "val_acc_non_adj": 16.422309978721067, "val_loss_non_adj": 0.0813652142767132, "_wandb": {"runtime": 299}}