{"epoch": 3000, "val_acc_adj": 24.262759526570637, "val_loss_adj": 0.023199709442754585, "_timestamp": 1737357195.8235447, "_runtime": 717.1794097423553, "_step": 17, "val_acc_non_adj": 17.262211057328685, "val_loss_non_adj": 0.07505449328149102, "_wandb": {"runtime": 727}}