{"epoch": 3000, "val_acc_adj": 23.244982719421387, "val_loss_adj": 0.020299797567228474, "_timestamp": 1738466815.6082067, "_runtime": 697.5488908290863, "_step": 7, "val_acc_non_adj": 14.853737354278564, "val_loss_non_adj": 0.08746415471715718, "_wandb": {"runtime": 704}}