{"epoch": 2010, "val_acc_adj": 22.57267411549886, "val_loss_adj": 0.03163990067938963, "_timestamp": 1737338522.0760343, "_runtime": 605.2168734073639, "_step": 15, "val_acc_non_adj": 16.48171041921242, "val_loss_non_adj": 0.0807953573494535, "_wandb": {"runtime": 606}}