{"epoch": 2010, "val_acc_adj": 22.523808479309082, "val_loss_adj": 0.03197230460743109, "_timestamp": 1737331997.9112608, "_runtime": 626.9741868972778, "_step": 15, "val_acc_non_adj": 16.416247480923367, "val_loss_non_adj": 0.08192525473759346, "_wandb": {"runtime": 628}}