{"epoch": 3000, "val_acc_adj": 23.107549349466957, "val_loss_adj": 0.02053460416694482, "_timestamp": 1738463188.028281, "_runtime": 641.8571000099182, "_step": 7, "val_acc_non_adj": 15.39564364226823, "val_loss_non_adj": 0.0817250536524297, "_wandb": {"runtime": 650}}