{"epoch": 2010, "val_acc_adj": 22.56900119781494, "val_loss_adj": 0.03169199824333191, "_timestamp": 1737327670.7474515, "_runtime": 642.1508164405823, "_step": 15, "val_acc_non_adj": 16.603261805072272, "val_loss_non_adj": 0.0732684808485594, "_wandb": {"runtime": 642}}