{"epoch": 2010, "val_acc_adj": 24.129187901814777, "val_loss_adj": 0.02390051105370124, "_timestamp": 1737290797.9618015, "_runtime": 491.8230984210968, "_step": 15, "val_acc_non_adj": 17.569896978201324, "val_loss_non_adj": 0.0712827315707643, "_wandb": {"runtime": 494}}