{"epoch": 2010, "val_acc_adj": 24.11373170216878, "val_loss_adj": 0.024009827834864456, "_timestamp": 1737314143.2425425, "_runtime": 498.22044038772583, "_step": 15, "val_acc_non_adj": 17.066648065429373, "val_loss_non_adj": 0.0700741307521911, "_wandb": {"runtime": 501}}