{"epoch": 3000, "val_acc_adj": 22.66857592264811, "val_loss_adj": 0.023590595771869022, "_timestamp": 1738509904.296309, "_runtime": 716.0781600475311, "_step": 7, "val_acc_non_adj": 15.537131471732227, "val_loss_non_adj": 0.08297286081828714, "_wandb": {"runtime": 726}}