{"epoch": 2010, "val_acc_adj": 22.56904379526774, "val_loss_adj": 0.03177296866973241, "_timestamp": 1737276392.9992197, "_runtime": 582.8575937747955, "_step": 15, "val_acc_non_adj": 16.590197464854448, "val_loss_non_adj": 0.08026553713476535, "_wandb": {"runtime": 583}}