{"epoch": 2010, "val_acc_adj": 24.14490032196045, "val_loss_adj": 0.023942422432204086, "_timestamp": 1737319723.8161564, "_runtime": 490.14565229415894, "_step": 15, "val_acc_non_adj": 17.46080363165472, "val_loss_non_adj": 0.07181740421609781, "_wandb": {"runtime": 493}}