{"epoch": 2010, "val_acc_adj": 22.557933807373047, "val_loss_adj": 0.03170896880328655, "_timestamp": 1737343875.9082572, "_runtime": 608.9668071269989, "_step": 15, "val_acc_non_adj": 16.62446535739702, "val_loss_non_adj": 0.07990785981960517, "_wandb": {"runtime": 610}}