{"epoch": 2010, "val_acc_adj": 24.15224552154541, "val_loss_adj": 0.02390626197059949, "_timestamp": 1737300934.6864743, "_runtime": 494.40778732299805, "_step": 15, "val_acc_non_adj": 17.44130110986454, "val_loss_non_adj": 0.07278461614143603, "_wandb": {"runtime": 497}}