{"epoch": 2010, "val_acc_adj": 22.556447664896645, "val_loss_adj": 0.03182910072306792, "_timestamp": 1737335677.1346323, "_runtime": 430.13664746284485, "_step": 15, "val_acc_non_adj": 16.397158480182135, "val_loss_non_adj": 0.0831036696152896, "_wandb": {"runtime": 430}}