{"epoch": 3000, "val_acc_adj": 24.218488375345864, "val_loss_adj": 0.023505115881562233, "_timestamp": 1737334511.3907106, "_runtime": 1084.6278545856476, "_step": 17, "val_acc_non_adj": 17.17534482110407, "val_loss_non_adj": 0.07865594435944077, "_wandb": {"runtime": 1097}}