{"epoch": 2010, "val_acc_adj": 24.15076732635498, "val_loss_adj": 0.02391557457546393, "_timestamp": 1737286543.7876115, "_runtime": 654.0070323944092, "_step": 15, "val_acc_non_adj": 17.153677817472477, "val_loss_non_adj": 0.0753584786884717, "_wandb": {"runtime": 657}}