{"epoch": 2010, "val_acc_adj": 24.194764137268066, "val_loss_adj": 0.02377051891138156, "_timestamp": 1737315161.482031, "_runtime": 491.04201912879944, "_step": 15, "val_acc_non_adj": 17.508982417509728, "val_loss_non_adj": 0.07206927102596797, "_wandb": {"runtime": 493}}