{"epoch": 3000, "val_acc": 20.30473963419596, "val_loss": 0.05882224254310131, "_timestamp": 1733822054.4342666, "_runtime": 2668.0490396022797, "_step": 8, "_wandb": {"runtime": 2675}}