{"epoch": 2010, "val_acc_adj": 24.150641441345215, "val_loss_adj": 0.023965824705859024, "_timestamp": 1737293336.8492343, "_runtime": 491.58116936683655, "_step": 15, "val_acc_non_adj": 17.28088710234337, "val_loss_non_adj": 0.0736548580402105, "_wandb": {"runtime": 494}}