{"epoch": 3000, "val_acc_adj": 23.28987661997477, "val_loss_adj": 0.020344352660079796, "_timestamp": 1738464624.6186538, "_runtime": 688.1996216773987, "_step": 7, "val_acc_non_adj": 14.850646687537123, "val_loss_non_adj": 0.08891243710345828, "_wandb": {"runtime": 695}}