{"epoch": 3000, "val_acc": 23.788193066914875, "val_loss": 0.02471119010200103, "_timestamp": 1736316445.6988044, "_runtime": 561.5921204090118, "_step": 8, "_wandb": {"runtime": 569}}