{"epoch": 3000, "val_acc_adj": 24.2350066502889, "val_loss_adj": 0.023446131187180676, "_timestamp": 1737326925.4026916, "_runtime": 1047.4448657035828, "_step": 17, "val_acc_non_adj": 17.628146574669277, "val_loss_non_adj": 0.07219518429225252, "_wandb": {"runtime": 1057}}