{"epoch": 3000, "val_acc_adj": 24.243220329284668, "val_loss_adj": 0.02332600423445304, "_timestamp": 1737357936.530929, "_runtime": 721.9351480007172, "_step": 17, "val_acc_non_adj": 17.41555072843414, "val_loss_non_adj": 0.07529662222092606, "_wandb": {"runtime": 731}}