{"epoch": 3000, "val_acc": 16.952491124471027, "val_loss": 0.09276247893770535, "_timestamp": 1733913348.0177221, "_runtime": 567.330244064331, "_step": 8, "_wandb": {"runtime": 575}}