{"epoch": 3000, "val_acc_adj": 24.21342055002848, "val_loss_adj": 0.023403582784036793, "_timestamp": 1737359427.499215, "_runtime": 730.408234834671, "_step": 17, "val_acc_non_adj": 17.08513021960701, "val_loss_non_adj": 0.06991302447643169, "_wandb": {"runtime": 739}}