{"epoch": 2010, "val_acc_adj": 24.14186922709147, "val_loss_adj": 0.02382268322010835, "_timestamp": 1737304979.9056087, "_runtime": 492.67740964889526, "_step": 15, "val_acc_non_adj": 17.553980891237554, "val_loss_non_adj": 0.07170096817474389, "_wandb": {"runtime": 495}}