{"epoch": 2010, "val_acc_adj": 22.525297164916992, "val_loss_adj": 0.03192988224327564, "_timestamp": 1737274997.2188973, "_runtime": 552.3039972782135, "_step": 15, "val_acc_non_adj": 16.65133200478308, "val_loss_non_adj": 0.07991057693881472, "_wandb": {"runtime": 553}}