{"epoch": 3000, "val_acc_adj": 24.153923988342285, "val_loss_adj": 0.02368288766592741, "_timestamp": 1737344218.6913464, "_runtime": 1026.0334343910217, "_step": 17, "val_acc_non_adj": 17.58165753747999, "val_loss_non_adj": 0.07105430733105264, "_wandb": {"runtime": 1036}}