{"epoch": 2010, "val_acc_adj": 24.213815371195473, "val_loss_adj": 0.02366057659188906, "_timestamp": 1737299417.5298467, "_runtime": 505.3862497806549, "_step": 15, "val_acc_non_adj": 17.217202702748406, "val_loss_non_adj": 0.07179304842174668, "_wandb": {"runtime": 508}}