{"epoch": 2010, "val_acc_adj": 24.11321449279785, "val_loss_adj": 0.02404125966131687, "_timestamp": 1737317202.169978, "_runtime": 496.37032079696655, "_step": 15, "val_acc_non_adj": 17.51924820044606, "val_loss_non_adj": 0.07267805383799925, "_wandb": {"runtime": 499}}