{"epoch": 3000, "val_acc": 16.369438648223877, "val_loss": 0.10210182393590608, "_timestamp": 1733815907.5917218, "_runtime": 538.8057787418365, "_step": 8, "_wandb": {"runtime": 546}}