{"epoch": 3000, "val_acc_adj": 24.228443145751953, "val_loss_adj": 0.023428580413262047, "_timestamp": 1737356458.1447692, "_runtime": 716.4498841762543, "_step": 17, "val_acc_non_adj": 17.52948471934525, "val_loss_non_adj": 0.07116013054841572, "_wandb": {"runtime": 724}}