{"epoch": 3000, "val_acc_adj": 23.23196029663086, "val_loss_adj": 0.020399854828914005, "_timestamp": 1738463920.2021139, "_runtime": 714.3299429416656, "_step": 7, "val_acc_non_adj": 13.839719339744331, "val_loss_non_adj": 0.14183950532688616, "_wandb": {"runtime": 721}}