{"epoch": 2010, "val_acc_adj": 24.193143208821613, "val_loss_adj": 0.02382758352905512, "_timestamp": 1737319222.4652646, "_runtime": 491.4731824398041, "_step": 15, "val_acc_non_adj": 17.454480269520552, "val_loss_non_adj": 0.07193924362780814, "_wandb": {"runtime": 494}}