{"epoch": 3000, "val_acc_adj": 22.647266070048012, "val_loss_adj": 0.023704951629042625, "_timestamp": 1738490869.4925387, "_runtime": 1009.5876617431641, "_step": 7, "val_acc_non_adj": 15.501607019876696, "val_loss_non_adj": 0.08424710358502631, "_wandb": {"runtime": 1015}}