{"epoch": 3000, "val_acc": 13.033493836720783, "val_loss": 0.1610166827837626, "_timestamp": 1736317027.585795, "_runtime": 562.184357881546, "_step": 8, "_wandb": {"runtime": 569}}