{"epoch": 2010, "val_acc_adj": 24.212209383646645, "val_loss_adj": 0.023676398831109204, "_timestamp": 1737305482.5695767, "_runtime": 487.7423746585846, "_step": 15, "val_acc_non_adj": 17.331923519213174, "val_loss_non_adj": 0.07324144519750297, "_wandb": {"runtime": 490}}