{"epoch": 2010, "val_acc_adj": 22.5530948638916, "val_loss_adj": 0.031702687963843346, "_timestamp": 1737285022.6006885, "_runtime": 489.96691846847534, "_step": 15, "val_acc_non_adj": 16.482731514370318, "val_loss_non_adj": 0.0813153168359368, "_wandb": {"runtime": 491}}