{"epoch": 2010, "val_acc_adj": 24.157327969868977, "val_loss_adj": 0.023949991290767986, "_timestamp": 1737298397.9429474, "_runtime": 501.294917345047, "_step": 15, "val_acc_non_adj": 17.3459247952884, "val_loss_non_adj": 0.07418450034348313, "_wandb": {"runtime": 504}}