{"epoch": 2010, "val_acc_adj": 22.57041072845459, "val_loss_adj": 0.03161371871829033, "_timestamp": 1737283973.485656, "_runtime": 283.5063970088959, "_step": 15, "val_acc_non_adj": 16.60745231884042, "val_loss_non_adj": 0.0792801288945466, "_wandb": {"runtime": 285}}