{"epoch": 3000, "val_acc_adj": 24.203383763631184, "val_loss_adj": 0.023609955795109272, "_timestamp": 1737351999.0114014, "_runtime": 729.5912704467773, "_step": 17, "val_acc_non_adj": 17.353453341218614, "val_loss_non_adj": 0.07700361816462167, "_wandb": {"runtime": 738}}