{"epoch": 3000, "val_acc_adj": 22.719502766927082, "val_loss_adj": 0.023347992449998856, "_timestamp": 1738516482.028984, "_runtime": 1268.2235550880432, "_step": 7, "val_acc_non_adj": 15.733412246114199, "val_loss_non_adj": 0.0792170280648261, "_wandb": {"runtime": 1277}}