{"epoch": 2010, "val_acc_adj": 24.09098243713379, "val_loss_adj": 0.02418943711866935, "_timestamp": 1737321247.8356113, "_runtime": 491.38385224342346, "_step": 15, "val_acc_non_adj": 17.335921710299463, "val_loss_non_adj": 0.07387289311736822, "_wandb": {"runtime": 494}}