{"epoch": 2010, "val_acc_adj": 24.19901625315348, "val_loss_adj": 0.02373363481213649, "_timestamp": 1737293839.2270365, "_runtime": 491.1925525665283, "_step": 15, "val_acc_non_adj": 17.29659064283076, "val_loss_non_adj": 0.07381591500387978, "_wandb": {"runtime": 494}}