{"epoch": 3000, "val_acc_adj": 22.735256830851235, "val_loss_adj": 0.02339906431734562, "_timestamp": 1738513308.7718215, "_runtime": 1130.7047455310822, "_step": 7, "val_acc_non_adj": 13.350820733099868, "val_loss_non_adj": 0.18816330213791008, "_wandb": {"runtime": 1142}}