{"epoch": 3000, "val_acc_adj": 23.202114423116047, "val_loss_adj": 0.020295937235156693, "_timestamp": 1738472261.2642076, "_runtime": 723.4118866920471, "_step": 7, "val_acc_non_adj": 13.83080762194604, "val_loss_non_adj": 0.12820983576329098, "_wandb": {"runtime": 730}}