{"epoch": 3000, "val_acc_adj": 22.662696520487465, "val_loss_adj": 0.02364287277062734, "_timestamp": 1738508549.900293, "_runtime": 640.6622471809387, "_step": 7, "val_acc_non_adj": 13.152263867486383, "val_loss_non_adj": 0.19484203689030766, "_wandb": {"runtime": 646}}