{"epoch": 3000, "val_acc": 15.674096266428629, "val_loss": 0.11220735808213551, "_timestamp": 1733925575.7801907, "_runtime": 563.6688838005066, "_step": 8, "_wandb": {"runtime": 571}}