{"epoch": 2010, "val_acc_adj": 24.176855087280273, "val_loss_adj": 0.023800912623604138, "_timestamp": 1737303460.5619626, "_runtime": 491.9309775829315, "_step": 15, "val_acc_non_adj": 17.390823605134315, "val_loss_non_adj": 0.07277787025518638, "_wandb": {"runtime": 494}}