{"epoch": 3000, "val_acc_adj": 24.186255772908527, "val_loss_adj": 0.02354161782811085, "_timestamp": 1737335589.4600432, "_runtime": 1051.9369142055511, "_step": 17, "val_acc_non_adj": 17.485613798357775, "val_loss_non_adj": 0.07367726584377977, "_wandb": {"runtime": 1062}}