{"epoch": 3000, "val_acc": 12.154600779215494, "val_loss": 0.18385952711105347, "_timestamp": 1733920917.049389, "_runtime": 565.0347089767456, "_step": 8, "_wandb": {"runtime": 572}}