{"epoch": 3000, "val_acc_adj": 24.210946718851723, "val_loss_adj": 0.023481043055653572, "_timestamp": 1737337818.142421, "_runtime": 1033.4364249706268, "_step": 17, "val_acc_non_adj": 17.479002814931967, "val_loss_non_adj": 0.07625673512553738, "_wandb": {"runtime": 1044}}