{"epoch": 3000, "val_acc_adj": 22.6804354985555, "val_loss_adj": 0.023526626328627266, "_timestamp": 1738515197.5353618, "_runtime": 557.033659696579, "_step": 7, "val_acc_non_adj": 15.553699109972138, "val_loss_non_adj": 0.08236709797812491, "_wandb": {"runtime": 560}}