{"epoch": 2010, "val_acc_adj": 24.173677762349445, "val_loss_adj": 0.023914426254729428, "_timestamp": 1737320742.080112, "_runtime": 493.28921008110046, "_step": 15, "val_acc_non_adj": 17.398954022790967, "val_loss_non_adj": 0.07258269996334289, "_wandb": {"runtime": 496}}