{"epoch": 2010, "val_acc_adj": 22.61469491322835, "val_loss_adj": 0.031591255217790604, "_timestamp": 1737329235.053709, "_runtime": 481.9948220252991, "_step": 15, "val_acc_non_adj": 16.502664915065175, "val_loss_non_adj": 0.08141644408484709, "_wandb": {"runtime": 482}}