{"epoch": 3000, "val_acc_adj": 23.2641274134318, "val_loss_adj": 0.020561465062201023, "_timestamp": 1738469285.2186735, "_runtime": 802.3958525657654, "_step": 7, "val_acc_non_adj": 11.938140611058659, "val_loss_non_adj": 0.21569730857022337, "_wandb": {"runtime": 810}}