{"epoch": 2010, "val_acc_adj": 24.135127703348793, "val_loss_adj": 0.023788274886707463, "_timestamp": 1737291307.1713605, "_runtime": 493.50831747055054, "_step": 15, "val_acc_non_adj": 17.34015912616376, "val_loss_non_adj": 0.07331102883884895, "_wandb": {"runtime": 496}}