{"epoch": 3000, "val_acc_adj": 23.59739875793457, "val_loss_adj": 0.02664389181882143, "_timestamp": 1736326832.9890301, "_runtime": 1775.9809980392456, "_step": 17, "val_acc_non_adj": 10.002600846831331, "val_loss_non_adj": 0.3102018961625308, "_wandb": {"runtime": 1783}}