{"epoch": 2010, "val_acc_adj": 22.589908917744953, "val_loss_adj": 0.031707076355814934, "_timestamp": 1737287202.129823, "_runtime": 516.8443489074707, "_step": 15, "val_acc_non_adj": 16.52999586419961, "val_loss_non_adj": 0.08190367628157753, "_wandb": {"runtime": 517}}