{"epoch": 3000, "val_acc_adj": 22.69246768951416, "val_loss_adj": 0.02359314697484175, "_timestamp": 1738514620.26995, "_runtime": 621.0443689823151, "_step": 7, "val_acc_non_adj": 15.029855595421544, "val_loss_non_adj": 0.1192996473214829, "_wandb": {"runtime": 629}}