{"epoch": 2010, "val_acc_adj": 24.2130708694458, "val_loss_adj": 0.023668848909437656, "_timestamp": 1737316689.199479, "_runtime": 495.87626004219055, "_step": 15, "val_acc_non_adj": 17.857518982641476, "val_loss_non_adj": 0.06890571261420078, "_wandb": {"runtime": 498}}