{"epoch": 2010, "val_acc_adj": 24.152131716410317, "val_loss_adj": 0.02384817972779274, "_timestamp": 1737308578.3198555, "_runtime": 491.77988839149475, "_step": 15, "val_acc_non_adj": 17.25391014335082, "val_loss_non_adj": 0.07403427567909059, "_wandb": {"runtime": 494}}