{"epoch": 3000, "val_acc_adj": 22.747462272644043, "val_loss_adj": 0.023428219680984814, "_timestamp": 1738497269.6222372, "_runtime": 632.2155401706696, "_step": 7, "val_acc_non_adj": 15.779086304694106, "val_loss_non_adj": 0.07815865678808738, "_wandb": {"runtime": 638}}