{"epoch": 2010, "val_acc_adj": 24.170743942260742, "val_loss_adj": 0.023875883780419827, "_timestamp": 1737271678.3669107, "_runtime": 491.3166606426239, "_step": 15, "val_acc_non_adj": 17.4180353449792, "val_loss_non_adj": 0.0731395276397774, "_wandb": {"runtime": 494}}