{"epoch": 3000, "val_acc_adj": 24.21417172749837, "val_loss_adj": 0.023430321055154003, "_timestamp": 1737352739.6966405, "_runtime": 723.0733544826508, "_step": 17, "val_acc_non_adj": 17.65220126417494, "val_loss_non_adj": 0.07160616833140555, "_wandb": {"runtime": 731}}