{"epoch": 3000, "val_acc_adj": 24.218846956888832, "val_loss_adj": 0.02349294163286686, "_timestamp": 1737329161.3482313, "_runtime": 1142.7520403862, "_step": 17, "val_acc_non_adj": 16.714830949134434, "val_loss_non_adj": 0.07426588624216539, "_wandb": {"runtime": 1154}}