{"epoch": 2010, "val_acc_adj": 22.57823340098063, "val_loss_adj": 0.03174515006442864, "_timestamp": 1737339575.7562718, "_runtime": 603.2892377376556, "_step": 15, "val_acc_non_adj": 16.568268215533383, "val_loss_non_adj": 0.07995520240252779, "_wandb": {"runtime": 604}}