{"epoch": 3000, "val_acc_adj": 23.243444442749023, "val_loss_adj": 0.02038553946961959, "_timestamp": 1738475213.6737413, "_runtime": 701.981858253479, "_step": 7, "val_acc_non_adj": 12.858380688834435, "val_loss_non_adj": 0.18631147264896594, "_wandb": {"runtime": 709}}