{"epoch": 3000, "val_acc_adj": 24.21820290883382, "val_loss_adj": 0.023519232869148254, "_timestamp": 1737333406.130995, "_runtime": 1040.5003221035004, "_step": 17, "val_acc_non_adj": 17.51314663149647, "val_loss_non_adj": 0.0721184086035361, "_wandb": {"runtime": 1052}}