{"epoch": 3000, "val_acc_adj": 23.269468625386555, "val_loss_adj": 0.020326598547399044, "_timestamp": 1738458136.0490746, "_runtime": 715.8851096630096, "_step": 7, "val_acc_non_adj": 13.667286715556665, "val_loss_non_adj": 0.13983422277744897, "_wandb": {"runtime": 723}}