{"epoch": 3000, "val_acc_adj": 24.27268918355306, "val_loss_adj": 0.023366672607759632, "_timestamp": 1737332345.1999383, "_runtime": 1044.9494433403015, "_step": 17, "val_acc_non_adj": 17.773208436277724, "val_loss_non_adj": 0.07000285650113809, "_wandb": {"runtime": 1055}}