{"epoch": 3000, "val_acc_adj": 23.276038805643715, "val_loss_adj": 0.020571256056427956, "_timestamp": 1738452611.3948038, "_runtime": 816.5551588535309, "_step": 7, "val_acc_non_adj": 13.606956211562009, "val_loss_non_adj": 0.14329805037909255, "_wandb": {"runtime": 824}}