{"epoch": 3000, "val_acc_adj": 22.70221455891927, "val_loss_adj": 0.02340456781287988, "_timestamp": 1738492100.9592047, "_runtime": 571.7698037624359, "_step": 7, "val_acc_non_adj": 15.746331214904785, "val_loss_non_adj": 0.0787905177543151, "_wandb": {"runtime": 577}}