{"epoch": 3000, "val_acc_adj": 24.261884053548176, "val_loss_adj": 0.02336185084034999, "_timestamp": 1737358676.8237815, "_runtime": 720.7784235477448, "_step": 17, "val_acc_non_adj": 17.47665837376388, "val_loss_non_adj": 0.07298950974819894, "_wandb": {"runtime": 730}}