{"epoch": 3000, "val_acc_adj": 22.755229949951172, "val_loss_adj": 0.023439820234974224, "_timestamp": 1738494347.1769264, "_runtime": 621.1182723045349, "_step": 7, "val_acc_non_adj": 15.584736347198486, "val_loss_non_adj": 0.08425413676988833, "_wandb": {"runtime": 626}}