{"epoch": 3000, "val_acc_adj": 23.221487363179524, "val_loss_adj": 0.02050151272366444, "_timestamp": 1738478159.9165947, "_runtime": 725.4889538288116, "_step": 7, "val_acc_non_adj": 13.552680325262324, "val_loss_non_adj": 0.15544309442113968, "_wandb": {"runtime": 734}}