{"epoch": 3000, "val_acc_adj": 22.69737656911214, "val_loss_adj": 0.023381204344332218, "_timestamp": 1738505637.8062265, "_runtime": 665.5929274559021, "_step": 7, "val_acc_non_adj": 15.764195452031402, "val_loss_non_adj": 0.07832120490481251, "_wandb": {"runtime": 673}}