{"epoch": 2010, "val_acc_adj": 12.587995370229084, "val_loss_adj": 0.16963034868240356, "_timestamp": 1737268003.443382, "_runtime": 672.8834199905396, "_step": 15, "val_acc_non_adj": 12.492533557193795, "val_loss_non_adj": 0.1743118740214976, "_wandb": {"runtime": 675}}