{"epoch": 3000, "val_acc": 16.085325400034584, "val_loss": 0.10748185341556867, "_timestamp": 1733815351.1549387, "_runtime": 535.2821106910706, "_step": 8, "_wandb": {"runtime": 543}}