{"epoch": 2010, "val_acc_adj": 22.564606030782063, "val_loss_adj": 0.03172428781787554, "_timestamp": 1737278267.056224, "_runtime": 476.49021220207214, "_step": 15, "val_acc_non_adj": 16.59138435186799, "val_loss_non_adj": 0.07997753453853819, "_wandb": {"runtime": 477}}