{"epoch": 3000, "val_acc": 13.717366218566895, "val_loss": 0.14436407883961994, "_timestamp": 1733922666.382513, "_runtime": 563.1867871284485, "_step": 8, "_wandb": {"runtime": 570}}