{"epoch": 2010, "val_acc_adj": 22.562143325805664, "val_loss_adj": 0.031756721436977386, "_timestamp": 1737338958.2563581, "_runtime": 422.5219671726227, "_step": 15, "val_acc_non_adj": 16.626456791592627, "val_loss_non_adj": 0.07974051111905844, "_wandb": {"runtime": 423}}