{"epoch": 2010, "val_acc_adj": 22.541949907938637, "val_loss_adj": 0.031720489263534546, "_timestamp": 1737333073.1754684, "_runtime": 626.8532235622406, "_step": 15, "val_acc_non_adj": 16.699999386502295, "val_loss_non_adj": 0.07880593242949431, "_wandb": {"runtime": 627}}