{"epoch": 3000, "val_acc_adj": 22.647438049316406, "val_loss_adj": 0.023592362801233925, "_timestamp": 1738510812.1726978, "_runtime": 883.4556238651276, "_step": 7, "val_acc_non_adj": 15.514163675996446, "val_loss_non_adj": 0.08252462109109175, "_wandb": {"runtime": 890}}