{"epoch": 2010, "val_acc_adj": 22.5660613377889, "val_loss_adj": 0.031783975660800934, "_timestamp": 1737336844.347472, "_runtime": 460.4549078941345, "_step": 15, "val_acc_non_adj": 16.55438160650509, "val_loss_non_adj": 0.08111468815849614, "_wandb": {"runtime": 461}}