{"epoch": 3000, "val_acc_adj": 24.220040957132973, "val_loss_adj": 0.023418265705307324, "_timestamp": 1737345906.0313184, "_runtime": 735.7368085384369, "_step": 17, "val_acc_non_adj": 16.85347282763609, "val_loss_non_adj": 0.08350955986792279, "_wandb": {"runtime": 745}}