{"epoch": 3000, "val_acc_adj": 23.327401796976723, "val_loss_adj": 0.02033041107157866, "_timestamp": 1738457401.3365064, "_runtime": 716.6178562641144, "_step": 7, "val_acc_non_adj": 13.777635318716776, "val_loss_non_adj": 0.14403605227809899, "_wandb": {"runtime": 723}}