{"epoch": 1000, "val_acc_adj": 23.796635627746582, "val_loss_adj": 0.02548870723694563, "_timestamp": 1737268519.4442847, "_runtime": 314.1096866130829, "_step": 7, "val_acc_non_adj": 16.931906636228266, "val_loss_non_adj": 0.07556680812663638}