{"epoch": 2010, "val_acc_adj": 22.585980097452797, "val_loss_adj": 0.031623582666118935, "_timestamp": 1737337467.9331524, "_runtime": 611.9619784355164, "_step": 15, "val_acc_non_adj": 16.482643633773645, "val_loss_non_adj": 0.08097073130463202, "_wandb": {"runtime": 613}}