{"epoch": 2010, "val_acc_adj": 24.12087345123291, "val_loss_adj": 0.023984637421866257, "_timestamp": 1737291813.983677, "_runtime": 491.7802460193634, "_step": 15, "val_acc_non_adj": 17.492171179387988, "val_loss_non_adj": 0.072644189557003, "_wandb": {"runtime": 494}}