{"epoch": 3000, "val_acc_adj": 23.369478861490883, "val_loss_adj": 0.022841715564330418, "_timestamp": 1738458883.5644639, "_runtime": 727.6763188838959, "_step": 7, "val_acc_non_adj": 13.413076995574322, "val_loss_non_adj": 0.1569477999486874, "_wandb": {"runtime": 735}}