{"epoch": 10, "val_acc": 7.414238452911377, "val_loss": 0.40188466509183246, "_timestamp": 1736323114.6095695, "_runtime": 100.73196458816528, "_step": 0}