{"epoch": 2010, "val_acc_adj": 22.609785079956055, "val_loss_adj": 0.0315527847657601, "_timestamp": 1737333497.685988, "_runtime": 412.16369795799255, "_step": 15, "val_acc_non_adj": 16.611344445612012, "val_loss_non_adj": 0.08010456204107128, "_wandb": {"runtime": 412}}