{"epoch": 3000, "val_acc_adj": 23.249519983927406, "val_loss_adj": 0.020260566845536232, "_timestamp": 1738462526.673354, "_runtime": 726.2741940021515, "_step": 7, "val_acc_non_adj": 13.01731540247337, "val_loss_non_adj": 0.17361904167061307, "_wandb": {"runtime": 734}}