{"epoch": 3000, "val_acc": 14.508254686991373, "val_loss": 0.1361309414108594, "_timestamp": 1733822646.5225303, "_runtime": 568.8220863342285, "_step": 8, "_wandb": {"runtime": 568}}