{"epoch": 3000, "val_acc_adj": 24.20078976949056, "val_loss_adj": 0.023579561772445835, "_timestamp": 1737347457.434074, "_runtime": 724.2020499706268, "_step": 17, "val_acc_non_adj": 17.3542120923701, "val_loss_non_adj": 0.07513966172280692, "_wandb": {"runtime": 734}}