{"epoch": 3000, "val_acc_adj": 22.671623865763344, "val_loss_adj": 0.02348972608645757, "_timestamp": 1738503186.754717, "_runtime": 619.3894610404968, "_step": 7, "val_acc_non_adj": 13.932211556385473, "val_loss_non_adj": 0.16103357453014433, "_wandb": {"runtime": 625}}