{"epoch": 3000, "val_acc_adj": 22.5216277440389, "val_loss_adj": 0.023880993016064167, "_timestamp": 1738506831.9144695, "_runtime": 581.5328185558319, "_step": 7, "val_acc_non_adj": 15.38076297524049, "val_loss_non_adj": 0.08557467226937567, "_wandb": {"runtime": 589}}