{"epoch": 3000, "val_acc": 12.417311191558838, "val_loss": 0.18895628799994785, "_timestamp": 1733817595.0489519, "_runtime": 569.5774347782135, "_step": 8, "_wandb": {"runtime": 577}}