{"epoch": 3000, "val_acc_adj": 23.368645985921223, "val_loss_adj": 0.020421934934953846, "_timestamp": 1738461781.2362287, "_runtime": 661.0664668083191, "_step": 7, "val_acc_non_adj": 15.6071186606417, "val_loss_non_adj": 0.08033671684217514, "_wandb": {"runtime": 669}}