{"epoch": 3000, "val_acc_adj": 24.2407964070638, "val_loss_adj": 0.023313539723555245, "_timestamp": 1737330224.5715766, "_runtime": 1039.7058897018433, "_step": 17, "val_acc_non_adj": 17.41303024586943, "val_loss_non_adj": 0.0732726780793716, "_wandb": {"runtime": 1052}}