{"epoch": 3000, "val_acc_adj": 24.209959665934242, "val_loss_adj": 0.023565485763053097, "_timestamp": 1737348956.356985, "_runtime": 736.3183310031891, "_step": 17, "val_acc_non_adj": 17.56896720964884, "val_loss_non_adj": 0.0727561232969933, "_wandb": {"runtime": 745}}