{"epoch": 2010, "val_acc_adj": 24.123047510782875, "val_loss_adj": 0.024121178003648915, "_timestamp": 1737315673.5944903, "_runtime": 500.4511902332306, "_step": 15, "val_acc_non_adj": 17.510546625274973, "val_loss_non_adj": 0.07280687073764112, "_wandb": {"runtime": 503}}