{"epoch": 3000, "val_acc_adj": 23.316670417785645, "val_loss_adj": 0.02054764392475287, "_timestamp": 1738476752.854902, "_runtime": 784.6713011264801, "_step": 7, "val_acc_non_adj": 14.412132484396707, "val_loss_non_adj": 0.09389677233801981, "_wandb": {"runtime": 792}}