{"epoch": 2010, "val_acc_adj": 24.139107704162598, "val_loss_adj": 0.023993728682398796, "_timestamp": 1737272691.4007561, "_runtime": 491.6097900867462, "_step": 15, "val_acc_non_adj": 17.4090498550651, "val_loss_non_adj": 0.07335851405814443, "_wandb": {"runtime": 494}}