{"epoch": 3000, "val_acc_adj": 22.72320556640625, "val_loss_adj": 0.02392315398901701, "_timestamp": 1738512159.569246, "_runtime": 703.4230370521545, "_step": 7, "val_acc_non_adj": 13.683703864972616, "val_loss_non_adj": 0.1707881154761333, "_wandb": {"runtime": 701}}