{"epoch": 2010, "val_acc_adj": 22.57798194885254, "val_loss_adj": 0.03164351359009743, "_timestamp": 1737332432.5413017, "_runtime": 422.51847076416016, "_step": 15, "val_acc_non_adj": 16.564012714268006, "val_loss_non_adj": 0.08047381076078439, "_wandb": {"runtime": 423}}