{"epoch": 2010, "val_acc_adj": 24.185077985127766, "val_loss_adj": 0.023723781729737915, "_timestamp": 1737312608.6010878, "_runtime": 491.0901699066162, "_step": 15, "val_acc_non_adj": 17.404312428739882, "val_loss_non_adj": 0.07263579473053057, "_wandb": {"runtime": 493}}