{"epoch": 2010, "val_acc_adj": 22.589805603027344, "val_loss_adj": 0.03170526586472988, "_timestamp": 1737326595.8246055, "_runtime": 637.691178560257, "_step": 15, "val_acc_non_adj": 16.56056970419343, "val_loss_non_adj": 0.08057905011570331, "_wandb": {"runtime": 638}}