{"epoch": 2010, "val_acc_adj": 22.52046489715576, "val_loss_adj": 0.03181185324986775, "_timestamp": 1737284521.1210883, "_runtime": 531.5214822292328, "_step": 15, "val_acc_non_adj": 16.535492675820578, "val_loss_non_adj": 0.08073702592825152, "_wandb": {"runtime": 532}}