{"epoch": 2010, "val_acc_adj": 24.170103708902992, "val_loss_adj": 0.023895486878852047, "_timestamp": 1737313117.2959151, "_runtime": 492.4054832458496, "_step": 15, "val_acc_non_adj": 17.213644853572255, "val_loss_non_adj": 0.07437505197624877, "_wandb": {"runtime": 495}}