{"epoch": 2010, "val_acc_adj": 22.573649088541664, "val_loss_adj": 0.03172611817717552, "_timestamp": 1737324361.1085851, "_runtime": 579.5248081684113, "_step": 15, "val_acc_non_adj": 16.484785537129824, "val_loss_non_adj": 0.08139617090142265, "_wandb": {"runtime": 580}}