{"epoch": 3000, "val_acc": 15.401458899180094, "val_loss": 0.1218592661122481, "_timestamp": 1733818780.8457835, "_runtime": 572.0900015830994, "_step": 8, "_wandb": {"runtime": 579}}