{"epoch": 2010, "val_acc_adj": 23.772246996561684, "val_loss_adj": 0.026190221620102722, "_timestamp": 1736329629.5163066, "_runtime": 638.9620575904846, "_step": 15, "val_acc_non_adj": 10.991256020732761, "val_loss_non_adj": 0.26785605786771505, "_wandb": {"runtime": 642}}