{"epoch": 2010, "val_acc_adj": 24.16546090443929, "val_loss_adj": 0.023800840290884175, "_timestamp": 1737297377.1978219, "_runtime": 490.70575284957886, "_step": 15, "val_acc_non_adj": 17.269110286358707, "val_loss_non_adj": 0.07348734123113844, "_wandb": {"runtime": 493}}