{"epoch": 3000, "val_acc_adj": 23.278265635172524, "val_loss_adj": 0.020428119227290154, "_timestamp": 1738465358.0563855, "_runtime": 716.3803136348724, "_step": 7, "val_acc_non_adj": 11.58255067068277, "val_loss_non_adj": 0.23866331483208642, "_wandb": {"runtime": 723}}