{"epoch": 2010, "val_acc_adj": 24.177395502726235, "val_loss_adj": 0.023810963767270245, "_timestamp": 1737299919.4618626, "_runtime": 489.59416151046753, "_step": 15, "val_acc_non_adj": 17.46355086749362, "val_loss_non_adj": 0.07177865379441951, "_wandb": {"runtime": 492}}