{"epoch": 3000, "val_acc_adj": 24.210501035054524, "val_loss_adj": 0.02353226921210686, "_timestamp": 1737355718.813893, "_runtime": 738.2880351543427, "_step": 17, "val_acc_non_adj": 17.64733639451646, "val_loss_non_adj": 0.07291064607267526, "_wandb": {"runtime": 747}}