{"epoch": 2010, "val_acc_adj": 24.17492389678955, "val_loss_adj": 0.023842047279079754, "_timestamp": 1737288249.88521, "_runtime": 492.76303696632385, "_step": 15, "val_acc_non_adj": 17.432195107961437, "val_loss_non_adj": 0.07249854095088146, "_wandb": {"runtime": 495}}