{"epoch": 2010, "val_acc_adj": 22.553265889485676, "val_loss_adj": 0.03175245660046736, "_timestamp": 1737275799.6968026, "_runtime": 355.00034952163696, "_step": 15, "val_acc_non_adj": 16.544751442584793, "val_loss_non_adj": 0.08045071580437656, "_wandb": {"runtime": 355}}