{"epoch": 2010, "val_acc_adj": 24.150026321411133, "val_loss_adj": 0.02382575999945402, "_timestamp": 1737278475.9210672, "_runtime": 651.9997103214264, "_step": 15, "val_acc_non_adj": 17.475014229410704, "val_loss_non_adj": 0.07193243073433944, "_wandb": {"runtime": 655}}