{"epoch": 2010, "val_acc_adj": 24.216766357421875, "val_loss_adj": 0.02374886597196261, "_timestamp": 1737282509.7018743, "_runtime": 659.5331101417542, "_step": 15, "val_acc_non_adj": 17.816046385420965, "val_loss_non_adj": 0.06848715933174201, "_wandb": {"runtime": 662}}