{"epoch": 3000, "val_acc_adj": 23.25094509124756, "val_loss_adj": 0.020565632420281567, "_timestamp": 1738474493.2851377, "_runtime": 813.782372713089, "_step": 7, "val_acc_non_adj": 12.705746532715473, "val_loss_non_adj": 0.1826849135752652, "_wandb": {"runtime": 821}}