{"epoch": 3000, "val_acc_adj": 24.199609438578285, "val_loss_adj": 0.0234513683244586, "_timestamp": 1737348202.2564387, "_runtime": 723.1802887916565, "_step": 17, "val_acc_non_adj": 17.682447467882607, "val_loss_non_adj": 0.07317767984512233, "_wandb": {"runtime": 731}}