{"epoch": 3000, "val_acc_adj": 23.129058202107746, "val_loss_adj": 0.02042774421473344, "_timestamp": 1738453341.2513676, "_runtime": 709.3078994750977, "_step": 7, "val_acc_non_adj": 12.724765236844721, "val_loss_non_adj": 0.18256101734244945, "_wandb": {"runtime": 716}}