{"epoch": 3000, "val_acc_adj": 23.30683708190918, "val_loss_adj": 0.020474830952783424, "_timestamp": 1738468466.0825565, "_runtime": 800.311591386795, "_step": 7, "val_acc_non_adj": 13.0454761760751, "val_loss_non_adj": 0.174464256541093, "_wandb": {"runtime": 808}}