{"epoch": 3000, "val_acc_adj": 22.75208568572998, "val_loss_adj": 0.02328656706959009, "_timestamp": 1738492675.0363543, "_runtime": 557.382155418396, "_step": 7, "val_acc_non_adj": 15.586068094391184, "val_loss_non_adj": 0.083838475071201, "_wandb": {"runtime": 567}}