{"epoch": 3000, "val_acc": 15.640395323435465, "val_loss": 0.11040919398268063, "_timestamp": 1733929659.7464917, "_runtime": 563.565595626831, "_step": 8, "_wandb": {"runtime": 571}}