{"epoch": 3000, "val_acc": 16.16477314631144, "val_loss": 0.10556414102514584, "_timestamp": 1733919178.915588, "_runtime": 562.4440438747406, "_step": 8, "_wandb": {"runtime": 570}}