{"epoch": 2010, "val_acc_adj": 22.588530858357746, "val_loss_adj": 0.031562836219867066, "_timestamp": 1737285863.1417248, "_runtime": 517.9639058113098, "_step": 15, "val_acc_non_adj": 16.60136550234765, "val_loss_non_adj": 0.07952390348097098, "_wandb": {"runtime": 518}}