{"epoch": 2010, "val_acc_adj": 22.521684646606445, "val_loss_adj": 0.03187212658425172, "_timestamp": 1737286674.8998475, "_runtime": 294.21086859703064, "_step": 15, "val_acc_non_adj": 16.413123912418012, "val_loss_non_adj": 0.08149906384192177, "_wandb": {"runtime": 295}}