{"epoch": 3000, "val_acc": 13.495036760965982, "val_loss": 0.15031234423319498, "_timestamp": 1733923250.694296, "_runtime": 563.2955009937286, "_step": 8, "_wandb": {"runtime": 571}}