{"epoch": 3000, "val_acc": 15.491626262664795, "val_loss": 0.11571949099500974, "_timestamp": 1733921497.1314185, "_runtime": 561.390620470047, "_step": 8, "_wandb": {"runtime": 569}}