{"epoch": 3000, "val_acc": 17.00395139058431, "val_loss": 0.09712513287862141, "_timestamp": 1733923829.5581212, "_runtime": 558.5521531105042, "_step": 8, "_wandb": {"runtime": 566}}