{"epoch": 2010, "val_acc_adj": 24.191317240397133, "val_loss_adj": 0.023692026113470394, "_timestamp": 1737295861.5435534, "_runtime": 487.8965754508972, "_step": 15, "val_acc_non_adj": 17.445055474940034, "val_loss_non_adj": 0.0722322403693322, "_wandb": {"runtime": 490}}