{"epoch": 2010, "val_acc_adj": 22.564427375793457, "val_loss_adj": 0.031633974363406495, "_timestamp": 1737334129.620356, "_runtime": 617.8015251159668, "_step": 15, "val_acc_non_adj": 16.566579150170394, "val_loss_non_adj": 0.08074548391183627, "_wandb": {"runtime": 619}}