{"epoch": 2010, "val_acc_adj": 24.181014696756996, "val_loss_adj": 0.023888218216598034, "_timestamp": 1737277121.9635541, "_runtime": 673.3939712047577, "_step": 15, "val_acc_non_adj": 17.702361780343598, "val_loss_non_adj": 0.07006795306872461, "_wandb": {"runtime": 676}}