{"epoch": 2010, "val_acc_adj": 22.602306048075356, "val_loss_adj": 0.031484738613168396, "_timestamp": 1737340009.4568305, "_runtime": 423.22667241096497, "_step": 15, "val_acc_non_adj": 16.591376973181656, "val_loss_non_adj": 0.08008779875319642, "_wandb": {"runtime": 424}}