{"epoch": 3000, "val_acc": 12.68567943572998, "val_loss": 0.1841979349652926, "_timestamp": 1733927912.3901198, "_runtime": 567.1494228839874, "_step": 8, "_wandb": {"runtime": 574}}