{"epoch": 3000, "val_acc_adj": 22.721077919006348, "val_loss_adj": 0.023282713877658047, "_timestamp": 1738488727.9833317, "_runtime": 618.1704297065735, "_step": 7, "val_acc_non_adj": 15.752381595139651, "val_loss_non_adj": 0.07920457012759348, "_wandb": {"runtime": 625}}