{"epoch": 2010, "val_acc_adj": 22.54161485036214, "val_loss_adj": 0.03177367088695367, "_timestamp": 1737327016.402816, "_runtime": 408.92400097846985, "_step": 15, "val_acc_non_adj": 16.495413495093278, "val_loss_non_adj": 0.08117085860408459, "_wandb": {"runtime": 409}}