{"epoch": 2010, "val_acc_adj": 24.17571767171224, "val_loss_adj": 0.02378199497858683, "_timestamp": 1737269133.0185933, "_runtime": 492.9407913684845, "_step": 15, "val_acc_non_adj": 17.293311600832595, "val_loss_non_adj": 0.07324128324338763, "_wandb": {"runtime": 495}}