{"epoch": 2010, "val_acc_adj": 24.113144556681313, "val_loss_adj": 0.02462616842240095, "_timestamp": 1736331592.751297, "_runtime": 635.8968451023102, "_step": 15, "val_acc_non_adj": 11.840718883829018, "val_loss_non_adj": 0.2339467475017936, "_wandb": {"runtime": 638}}