{"epoch": 2010, "val_acc_adj": 24.21142546335856, "val_loss_adj": 0.023700466689964134, "_timestamp": 1737296368.556427, "_runtime": 492.208820104599, "_step": 15, "val_acc_non_adj": 17.447360579500494, "val_loss_non_adj": 0.07171534461727769, "_wandb": {"runtime": 495}}