{"epoch": 3000, "val_acc": 18.595225652058918, "val_loss": 0.07494773467381795, "_timestamp": 1733924993.1737933, "_runtime": 559.7491374015808, "_step": 8, "_wandb": {"runtime": 567}}