{"epoch": 1000, "val_acc": 23.43081442515055, "val_loss": 0.028748631477355957, "_timestamp": 1736319999.034526, "_runtime": 690.0463440418243, "_step": 3}