{"epoch": 1000, "val_acc": 12.150952816009521, "val_loss": 0.1272326459487279, "_timestamp": 1733816877.9108574, "_runtime": 153.12191343307495, "_step": 3, "_wandb": {"runtime": 157}}