{"epoch": 2010, "val_acc_adj": 24.181836128234863, "val_loss_adj": 0.023830812734862167, "_timestamp": 1737300427.4348183, "_runtime": 494.8596601486206, "_step": 15, "val_acc_non_adj": 17.333313229157753, "val_loss_non_adj": 0.07354488637605586, "_wandb": {"runtime": 497}}