{"epoch": 3000, "val_acc_adj": 22.71731185913086, "val_loss_adj": 0.023377663766344387, "_timestamp": 1738500913.105837, "_runtime": 673.519769191742, "_step": 7, "val_acc_non_adj": 15.646817202420578, "val_loss_non_adj": 0.08107874398455792, "_wandb": {"runtime": 680}}