{"epoch": 2010, "val_acc_adj": 22.532404581705727, "val_loss_adj": 0.031855529795090355, "_timestamp": 1737330308.6225872, "_runtime": 424.2918801307678, "_step": 15, "val_acc_non_adj": 16.52158539565568, "val_loss_non_adj": 0.08050574554303258, "_wandb": {"runtime": 425}}