{"epoch": 3000, "val_acc": 14.62148380279541, "val_loss": 0.13574362670381862, "_timestamp": 1733818190.079576, "_runtime": 575.6525499820709, "_step": 8, "_wandb": {"runtime": 583}}