{"epoch": 2010, "val_acc_adj": 24.135506947835285, "val_loss_adj": 0.023940796653429665, "_timestamp": 1737287739.8564997, "_runtime": 515.8846526145935, "_step": 15, "val_acc_non_adj": 17.13255489487009, "val_loss_non_adj": 0.07006368898431357, "_wandb": {"runtime": 518}}