{"epoch": 2010, "val_acc_adj": 24.14220873514811, "val_loss_adj": 0.02404726638148228, "_timestamp": 1737277809.3642082, "_runtime": 675.8629772663116, "_step": 15, "val_acc_non_adj": 17.47252465277603, "val_loss_non_adj": 0.07230943596931462, "_wandb": {"runtime": 679}}