{"epoch": 2010, "val_acc_adj": 24.167017936706543, "val_loss_adj": 0.02391171703735987, "_timestamp": 1737308072.9860117, "_runtime": 534.7995007038116, "_step": 15, "val_acc_non_adj": 18.533261535093956, "val_loss_non_adj": 0.06148104161292929, "_wandb": {"runtime": 537}}