{"epoch": 3000, "val_acc_adj": 23.364497184753418, "val_loss_adj": 0.02032633622487386, "_timestamp": 1738461103.8757212, "_runtime": 720.7034521102905, "_step": 7, "val_acc_non_adj": 12.610871032341239, "val_loss_non_adj": 0.1731648429095284, "_wandb": {"runtime": 729}}