{"epoch": 3000, "val_acc_adj": 22.769285519917805, "val_loss_adj": 0.023362480103969574, "_timestamp": 1738500220.623417, "_runtime": 650.4091877937317, "_step": 7, "val_acc_non_adj": 14.117650685851107, "val_loss_non_adj": 0.15967473599906126, "_wandb": {"runtime": 656}}