{"epoch": 3000, "val_acc_adj": 22.705612182617188, "val_loss_adj": 0.023500227369368076, "_timestamp": 1738496624.0627987, "_runtime": 985.7640507221222, "_step": 7, "val_acc_non_adj": 15.609934113689304, "val_loss_non_adj": 0.08505819644778967, "_wandb": {"runtime": 990}}