{"epoch": 3000, "val_acc": 17.84681447347005, "val_loss": 0.0799913021425406, "_timestamp": 1736322994.648719, "_runtime": 1497.640391111374, "_step": 8, "_wandb": {"runtime": 1505}}