{"epoch": 2010, "val_acc_adj": 22.573065439860024, "val_loss_adj": 0.031687473257382706, "_timestamp": 1737343256.1760647, "_runtime": 410.8095557689667, "_step": 15, "val_acc_non_adj": 16.56518860453183, "val_loss_non_adj": 0.0800906487730975, "_wandb": {"runtime": 411}}