{"epoch": 2010, "val_acc_adj": 22.594177563985188, "val_loss_adj": 0.03158061144252618, "_timestamp": 1737278565.0102468, "_runtime": 286.64223980903625, "_step": 15, "val_acc_non_adj": 16.597828953536514, "val_loss_non_adj": 0.08028041266058523, "_wandb": {"runtime": 288}}