{"epoch": 3000, "val_acc_adj": 22.74937629699707, "val_loss_adj": 0.02358477469533682, "_timestamp": 1738499553.4964871, "_runtime": 978.4738612174988, "_step": 7, "val_acc_non_adj": 13.258361020039038, "val_loss_non_adj": 0.19504728496612347, "_wandb": {"runtime": 984}}