{"epoch": 3000, "val_acc_adj": 22.801017443339028, "val_loss_adj": 0.02314399896810452, "_timestamp": 1738495619.588891, "_runtime": 615.4000511169434, "_step": 7, "val_acc_non_adj": 15.939061602366339, "val_loss_non_adj": 0.07501275334315202, "_wandb": {"runtime": 624}}