{"epoch": 3000, "val_acc_adj": 23.928008397420246, "val_loss_adj": 0.024311454966664314, "_timestamp": 1736325036.5219781, "_runtime": 1745.2842290401459, "_step": 17, "val_acc_non_adj": 14.667241553670353, "val_loss_non_adj": 0.1281181693211505, "_wandb": {"runtime": 1752}}