{"epoch": 3000, "val_acc_adj": 23.269682566324867, "val_loss_adj": 0.020426473580300808, "_timestamp": 1738454885.2583299, "_runtime": 756.354080915451, "_step": 7, "val_acc_non_adj": 12.886428997688686, "val_loss_non_adj": 0.1993430949478727, "_wandb": {"runtime": 765}}