{"epoch": 3000, "val_acc_adj": 22.603800773620605, "val_loss_adj": 0.02363231871277094, "_timestamp": 1738504956.1079223, "_runtime": 1115.2341833114624, "_step": 7, "val_acc_non_adj": 15.547163874832625, "val_loss_non_adj": 0.08308083095501378, "_wandb": {"runtime": 1119}}