{"epoch": 2010, "val_acc_adj": 24.126595179239906, "val_loss_adj": 0.02399011266728242, "_timestamp": 1737301442.428406, "_runtime": 494.14869689941406, "_step": 15, "val_acc_non_adj": 17.163298169362175, "val_loss_non_adj": 0.07428347665010039, "_wandb": {"runtime": 497}}