{"epoch": 3000, "val_acc_adj": 24.221206665039062, "val_loss_adj": 0.023493388667702675, "_timestamp": 1737323757.1228786, "_runtime": 936.1003046035767, "_step": 17, "val_acc_non_adj": 17.245917993722504, "val_loss_non_adj": 0.07551872470060882, "_wandb": {"runtime": 944}}