{"epoch": 3000, "val_acc_adj": 22.766899426778156, "val_loss_adj": 0.02313678773740927, "_timestamp": 1738501640.7237558, "_runtime": 711.3736777305603, "_step": 7, "val_acc_non_adj": 15.900999968813867, "val_loss_non_adj": 0.0746230921544826, "_wandb": {"runtime": 721}}