{"epoch": 3000, "val_acc_adj": 23.26923052469889, "val_loss_adj": 0.02021451356510321, "_timestamp": 1738479687.8944135, "_runtime": 670.6068675518036, "_step": 7, "val_acc_non_adj": 14.41162837903524, "val_loss_non_adj": 0.14416767017358972, "_wandb": {"runtime": 677}}