{"epoch": 3000, "val_acc": 16.841177940368652, "val_loss": 0.09600498154759407, "_timestamp": 1733814243.4364078, "_runtime": 539.10027384758, "_step": 8, "_wandb": {"runtime": 546}}