{"epoch": 2010, "val_acc_adj": 24.144892374674477, "val_loss_adj": 0.023900991616149742, "_timestamp": 1737294849.537374, "_runtime": 486.0375199317932, "_step": 15, "val_acc_non_adj": 17.42584663076499, "val_loss_non_adj": 0.07214322949269998, "_wandb": {"runtime": 488}}