{"epoch": 3000, "val_acc": 23.501730918884277, "val_loss": 0.02856372638295094, "_timestamp": 1733927326.7661703, "_runtime": 554.930700302124, "_step": 8, "_wandb": {"runtime": 562}}