{"epoch": 3000, "val_acc_adj": 24.248339335123696, "val_loss_adj": 0.023359975156684715, "_timestamp": 1737353469.6000268, "_runtime": 712.0528917312622, "_step": 17, "val_acc_non_adj": 17.566396875479786, "val_loss_non_adj": 0.07167703412550011, "_wandb": {"runtime": 720}}