{"epoch": 2010, "val_acc_adj": 22.54792563120524, "val_loss_adj": 0.03178502060472965, "_timestamp": 1737279625.8060532, "_runtime": 484.483962059021, "_step": 15, "val_acc_non_adj": 16.575318931304302, "val_loss_non_adj": 0.08052803969644394, "_wandb": {"runtime": 485}}