{"epoch": 3000, "val_acc": 11.863994439442951, "val_loss": 0.19256142030159631, "_timestamp": 1733929078.1588774, "_runtime": 560.6104414463043, "_step": 8, "_wandb": {"runtime": 568}}