{"epoch": 2010, "val_acc_adj": 24.116416613260903, "val_loss_adj": 0.024094277061522007, "_timestamp": 1737283864.1186042, "_runtime": 674.4531691074371, "_step": 15, "val_acc_non_adj": 17.484969817486007, "val_loss_non_adj": 0.07211754543073091, "_wandb": {"runtime": 677}}