{"epoch": 3000, "val_acc_adj": 22.68589083353678, "val_loss_adj": 0.023396167904138565, "_timestamp": 1738483478.167745, "_runtime": 252.228924036026, "_step": 7, "val_acc_non_adj": 15.753563123879973, "val_loss_non_adj": 0.07865685728599422, "_wandb": {"runtime": 255}}