{"epoch": 1999, "val_acc": 15.56215222676595, "val_loss": 0.11831054836511612, "_timestamp": 1733897160.5957794, "_runtime": 417.2003095149994, "_step": 4}