{"epoch": 3000, "val_acc": 13.534432729085285, "val_loss": 0.15107435484727222, "_timestamp": 1733924411.3059025, "_runtime": 566.6185956001282, "_step": 8, "_wandb": {"runtime": 574}}