{"epoch": 1000, "val_acc_adj": 11.81600046157837, "val_loss_adj": 0.14543717851241428, "_timestamp": 1738451712.6762023, "_runtime": 345.92966532707214, "_step": 3, "val_acc_non_adj": 9.292848154441597, "val_loss_non_adj": 0.2502084154750883}