{"epoch": 2010, "val_acc_adj": 22.578049341837563, "val_loss_adj": 0.03168663444618384, "_timestamp": 1737342834.9119542, "_runtime": 629.3426160812378, "_step": 15, "val_acc_non_adj": 16.539426248098156, "val_loss_non_adj": 0.08078664683343209, "_wandb": {"runtime": 630}}