{"epoch": 3000, "val_acc": 16.79135258992513, "val_loss": 0.10308323676387468, "_timestamp": 1733919756.7416124, "_runtime": 561.7092595100403, "_step": 8, "_wandb": {"runtime": 569}}