{"epoch": 300, "val_acc_adj": 22.856433232625324, "val_loss_adj": 0.031291184326012925, "_timestamp": 1736328776.326255, "_runtime": 298.3979420661926, "_step": 2, "val_acc_non_adj": 6.989440613186236, "val_loss_non_adj": 0.43064492480042055}