{"epoch": 2010, "val_acc_adj": 24.178683280944824, "val_loss_adj": 0.023855524448057015, "_timestamp": 1737270664.9292042, "_runtime": 500.8068833351135, "_step": 15, "val_acc_non_adj": 17.520546224928392, "val_loss_non_adj": 0.07186369093845493, "_wandb": {"runtime": 503}}