{"epoch": 2010, "val_acc_adj": 24.17317994435628, "val_loss_adj": 0.023902464968462784, "_timestamp": 1737311098.2720053, "_runtime": 498.84909439086914, "_step": 15, "val_acc_non_adj": 17.199160983882, "val_loss_non_adj": 0.07181151413848412, "_wandb": {"runtime": 501}}