{"epoch": 2010, "val_acc_adj": 24.158330599466957, "val_loss_adj": 0.023852907742063202, "_timestamp": 1737294350.5402575, "_runtime": 499.7411744594574, "_step": 15, "val_acc_non_adj": 17.072280146412012, "val_loss_non_adj": 0.07835910285909459, "_wandb": {"runtime": 502}}