{"epoch": 3000, "val_acc_adj": 23.27680206298828, "val_loss_adj": 0.020509585738182068, "_timestamp": 1738480499.6828392, "_runtime": 792.4666790962219, "_step": 7, "val_acc_non_adj": 12.798615475290829, "val_loss_non_adj": 0.20952263582958697, "_wandb": {"runtime": 801}}