{"epoch": 3000, "val_acc_adj": 23.283028602600098, "val_loss_adj": 0.020326184729735054, "_timestamp": 1738475946.6227202, "_runtime": 714.1637442111969, "_step": 7, "val_acc_non_adj": 12.874493603853836, "val_loss_non_adj": 0.1719696821894535, "_wandb": {"runtime": 722}}