{"epoch": 3000, "val_acc_adj": 22.76916662851969, "val_loss_adj": 0.02346190654983123, "_timestamp": 1738493708.6129012, "_runtime": 1012.3326752185822, "_step": 7, "val_acc_non_adj": 14.648578407838173, "val_loss_non_adj": 0.12797846407005467, "_wandb": {"runtime": 1018}}