{"epoch": 2010, "val_acc_adj": 22.547497431437172, "val_loss_adj": 0.031647441908717155, "_timestamp": 1737335234.9278433, "_runtime": 627.202011346817, "_step": 15, "val_acc_non_adj": 16.64581228531513, "val_loss_non_adj": 0.0795984599624098, "_wandb": {"runtime": 628}}