{"epoch": 3000, "val_acc": 14.973091920216877, "val_loss": 0.11792473619182904, "_timestamp": 1733922083.9427373, "_runtime": 564.5746972560883, "_step": 8, "_wandb": {"runtime": 572}}