{"epoch": 2010, "val_acc_adj": 22.580429712931313, "val_loss_adj": 0.031672747184832886, "_timestamp": 1737281297.7360227, "_runtime": 293.23449659347534, "_step": 15, "val_acc_non_adj": 16.399272471359094, "val_loss_non_adj": 0.08245956004818075, "_wandb": {"runtime": 294}}