{"epoch": 2010, "val_acc_adj": 24.206308364868164, "val_loss_adj": 0.023738993642230827, "_timestamp": 1737318714.3685143, "_runtime": 490.9373424053192, "_step": 15, "val_acc_non_adj": 17.404124348433974, "val_loss_non_adj": 0.07364488170318996, "_wandb": {"runtime": 493}}