{"epoch": 2010, "val_acc_adj": 22.559253692626953, "val_loss_adj": 0.031690457835793495, "_timestamp": 1737340651.4492633, "_runtime": 628.5490033626556, "_step": 15, "val_acc_non_adj": 16.590143508517865, "val_loss_non_adj": 0.08034478047305775, "_wandb": {"runtime": 629}}