{"epoch": 3000, "val_acc_adj": 24.22828769683838, "val_loss_adj": 0.02342818429072698, "_timestamp": 1737342099.5895126, "_runtime": 1067.5055966377258, "_step": 17, "val_acc_non_adj": 17.52519367650612, "val_loss_non_adj": 0.07226678339246008, "_wandb": {"runtime": 1077}}