{"epoch": 2010, "val_acc_adj": 24.098115603129067, "val_loss_adj": 0.024177118204534054, "_timestamp": 1737310585.4754972, "_runtime": 488.6800272464752, "_step": 15, "val_acc_non_adj": 17.340424257455414, "val_loss_non_adj": 0.07314520383964188, "_wandb": {"runtime": 491}}