{"epoch": 3000, "val_acc": 17.71977647145589, "val_loss": 0.07710330684979756, "_timestamp": 1733915683.443171, "_runtime": 563.1675550937653, "_step": 8, "_wandb": {"runtime": 570}}