{"epoch": 3000, "val_acc": 12.554382960001627, "val_loss": 0.18465050558249155, "_timestamp": 1733819368.1036828, "_runtime": 570.4149436950684, "_step": 8, "_wandb": {"runtime": 578}}