{"epoch": 2010, "val_acc_adj": 24.156332651774086, "val_loss_adj": 0.023846797955532868, "_timestamp": 1737281836.2789135, "_runtime": 650.9912524223328, "_step": 15, "val_acc_non_adj": 17.327829115169564, "val_loss_non_adj": 0.07324311837131522, "_wandb": {"runtime": 654}}