{"epoch": 2010, "val_acc_adj": 22.48982524871826, "val_loss_adj": 0.0320584774017334, "_timestamp": 1737282659.0182188, "_runtime": 308.61970376968384, "_step": 15, "val_acc_non_adj": 16.39745994449891, "val_loss_non_adj": 0.08186247762407839, "_wandb": {"runtime": 309}}