{"epoch": 3000, "val_acc_adj": 23.326648712158203, "val_loss_adj": 0.02024746841440598, "_timestamp": 1738466098.1527205, "_runtime": 720.8971545696259, "_step": 7, "val_acc_non_adj": 12.96738358871224, "val_loss_non_adj": 0.16988992130326241, "_wandb": {"runtime": 728}}