{"epoch": 2010, "val_acc_adj": 24.16899045308431, "val_loss_adj": 0.023742615866164364, "_timestamp": 1737316181.5185182, "_runtime": 495.7479121685028, "_step": 15, "val_acc_non_adj": 17.57189740839693, "val_loss_non_adj": 0.0702780617842662, "_wandb": {"runtime": 498}}