{"epoch": 3000, "val_acc_adj": 24.22072696685791, "val_loss_adj": 0.023447968997061253, "_timestamp": 1737350444.154592, "_runtime": 727.342679977417, "_step": 17, "val_acc_non_adj": 17.617389236528847, "val_loss_non_adj": 0.07446158817518003, "_wandb": {"runtime": 735}}